--
-- PostgreSQL database dump
--

-- Dumped from database version 17.0
-- Dumped by pg_dump version 17.0

SET statement_timeout = 0;
SET lock_timeout = 0;
SET idle_in_transaction_session_timeout = 0;
SET transaction_timeout = 0;
SET client_encoding = 'UTF8';
SET standard_conforming_strings = on;
SELECT pg_catalog.set_config('search_path', '', false);
SET check_function_bodies = false;
SET xmloption = content;
SET client_min_messages = warning;
SET row_security = off;

SET default_tablespace = '';

SET default_table_access_method = heap;

--
-- Name: attachment; Type: TABLE; Schema: public; Owner: postgres
--

CREATE TABLE public.attachment (
    id integer NOT NULL,
    file_name character varying(255) NOT NULL
);


ALTER TABLE public.attachment OWNER TO postgres;

--
-- Name: attachment_content; Type: TABLE; Schema: public; Owner: postgres
--

CREATE TABLE public.attachment_content (
    id integer NOT NULL,
    content bytea,
    attachment_id integer NOT NULL
);


ALTER TABLE public.attachment_content OWNER TO postgres;

--
-- Name: attachment_content_id_seq; Type: SEQUENCE; Schema: public; Owner: postgres
--

ALTER TABLE public.attachment_content ALTER COLUMN id ADD GENERATED BY DEFAULT AS IDENTITY (
    SEQUENCE NAME public.attachment_content_id_seq
    START WITH 1
    INCREMENT BY 1
    NO MINVALUE
    NO MAXVALUE
    CACHE 1
);


--
-- Name: attachment_id_seq; Type: SEQUENCE; Schema: public; Owner: postgres
--

ALTER TABLE public.attachment ALTER COLUMN id ADD GENERATED BY DEFAULT AS IDENTITY (
    SEQUENCE NAME public.attachment_id_seq
    START WITH 1
    INCREMENT BY 1
    NO MINVALUE
    NO MAXVALUE
    CACHE 1
);


--
-- Name: category; Type: TABLE; Schema: public; Owner: postgres
--

CREATE TABLE public.category (
    id integer NOT NULL,
    name character varying(255) NOT NULL
);


ALTER TABLE public.category OWNER TO postgres;

--
-- Name: category_id_seq; Type: SEQUENCE; Schema: public; Owner: postgres
--

ALTER TABLE public.category ALTER COLUMN id ADD GENERATED BY DEFAULT AS IDENTITY (
    SEQUENCE NAME public.category_id_seq
    START WITH 1
    INCREMENT BY 1
    NO MINVALUE
    NO MAXVALUE
    CACHE 1
);


--
-- Name: order_items; Type: TABLE; Schema: public; Owner: postgres
--

CREATE TABLE public.order_items (
    id integer NOT NULL,
    price integer NOT NULL,
    quantity integer NOT NULL,
    order_id integer NOT NULL,
    product_id integer NOT NULL
);


ALTER TABLE public.order_items OWNER TO postgres;

--
-- Name: order_items_id_seq; Type: SEQUENCE; Schema: public; Owner: postgres
--

ALTER TABLE public.order_items ALTER COLUMN id ADD GENERATED BY DEFAULT AS IDENTITY (
    SEQUENCE NAME public.order_items_id_seq
    START WITH 1
    INCREMENT BY 1
    NO MINVALUE
    NO MAXVALUE
    CACHE 1
);


--
-- Name: orders; Type: TABLE; Schema: public; Owner: postgres
--

CREATE TABLE public.orders (
    id integer NOT NULL,
    date_time timestamp(6) without time zone
);


ALTER TABLE public.orders OWNER TO postgres;

--
-- Name: orders_id_seq; Type: SEQUENCE; Schema: public; Owner: postgres
--

ALTER TABLE public.orders ALTER COLUMN id ADD GENERATED BY DEFAULT AS IDENTITY (
    SEQUENCE NAME public.orders_id_seq
    START WITH 1
    INCREMENT BY 1
    NO MINVALUE
    NO MAXVALUE
    CACHE 1
);


--
-- Name: product; Type: TABLE; Schema: public; Owner: postgres
--

CREATE TABLE public.product (
    id integer NOT NULL,
    name character varying(255) NOT NULL,
    price integer,
    attachment_id integer NOT NULL,
    category_id integer NOT NULL
);


ALTER TABLE public.product OWNER TO postgres;

--
-- Name: product_id_seq; Type: SEQUENCE; Schema: public; Owner: postgres
--

ALTER TABLE public.product ALTER COLUMN id ADD GENERATED BY DEFAULT AS IDENTITY (
    SEQUENCE NAME public.product_id_seq
    START WITH 1
    INCREMENT BY 1
    NO MINVALUE
    NO MAXVALUE
    CACHE 1
);


--
-- Data for Name: attachment; Type: TABLE DATA; Schema: public; Owner: postgres
--

COPY public.attachment (id, file_name) FROM stdin;
8	cola.jpg
9	anor.jpg
10	uzum.jpg
11	images (1).jpg
20	applejpg.jpg
21	anjijr.jpg
\.


--
-- Data for Name: attachment_content; Type: TABLE DATA; Schema: public; Owner: postgres
--

COPY public.attachment_content (id, content, attachment_id) FROM stdin;
7	\\xffd8ffe000104a46494600010100000100010000ffdb00840009060710070f12101112101012100d111013101215110f1712171514161715121315181f2b20181b251d191522312125292b2e302e231f333a332e37282d2e2b010a0a0a0e0d0e1b10101b2d1f2026313735322d2f30372d37352d2d352b2d372d35372d2d2d2b2d2d2f2b372d2d352d2e2d2d2d2d2d2d2d352e2d352d2d352e2dffc000110800e100e103012200021101031101ffc4001c0001000203010101000000000000000000000206010708050403ffc4004810000202010202050805070909010000000001020311041205210607133141142251618191a1b1325271c1d115235363728292426293a2a3b2b3c2e133343543647374758316ffc4001a010101000301010000000000000000000000010203040506ffc4002c11010002020102010b05000000000000000001020311210412310522324151617181b1c1f0131423a1e1ffda000c03010002110311003f00de20000000000000000000000000000000000000000000000000000000000000000632191025919220a2591922009646488025919220096464abf4f3a5aba25442c5576f65b3718c1cd551492cca73961e12caee4fbfda50f59d69ebd4233847411dd26b6b85f77351dd85256473c9af0f120dc991934670ceb7f89dedf694e870b3f4217aeec672dd8f9734bbbc4be757bd3dff00f5d2b6a9d2a8b698a9f99676b0b22de1ca2da4d61e3935e2b9f7e02ef919220a25919220096464880259192200964c9025120c800000000000c32249912800020000000000002a5d6170eaf89c74d092a372d4c64e77c9a8c6add18ddb639c4e4f74161f726df861fcbc034dc2168232b61c3a518f69da392d3cd45a93ca9b79e69613cf3e458ba4ba5af574a538a9256c1aef5879c6535cd1f9746b4718682a82dc94ab6f29b4d3936db4fbc89eb5321a6e0d769b592a23c35255cdc6c8474ea31c679ee4b0bb91f5f571c328d16af553ae3479da7d3aae754f2f638276d528a6e3e6cf6bcae7cfdfef4b864169b539729b75cf9c9b93e49f8b3e7e8268abd3f6f28c7ce7d8a7279949a754658cbf5b6c1eb5b0005500000000000009448928819001140000000186449322500004000000000000795d25b3b3a3f793fe1e7f71fb7038f67a4a57a2883f864ac7583d20d3e8a50d34ed846c70dfb1bc3c4f74572f5e27ee3d59748f4dc3f4d1df26b6d29630fc226137ac4f32cab8ef6e62265f7551ed28b97a6135f06793d0ab39d91fad4e9e7ee8b83fee9f2f07e9551a99cd41ce51947c23f89f1746789c347afaf4f3fcdcedaada631972dfb652b22e39efe5b8c632d2675130caf83253d2acc7c9b00006d6b0000000000000944892881900114000000018644932250000400000000002add65f1bfc85c32e9c5fe72d5e4f52eeccacca78f5a8ee7ee034cf12e2ab8ef1bd46b394a152b2c878f994c76558fde59f6b2c3d21bbb2aa10cf746aafd892cfc8a6f45a8fcdce5e376a69d3a7e2e2a4a567bd47e27b9d31d438c63ebb7e499c396bddb97b5d14f6cd2befdbf6e8f6a569788595ae51ca697daa2fef21d38e293d35ba5d5c3fda69351bd7867b394793f5359478d4eabb2e24ff00f97c6a89e874b2a7742e5dfb670b17ecce3b5afe2c9cd5c715c91676e698cd8adede7f3e8e83d06b21c429aefadee85d542d83f4c671524fdccfdcd6dd45f1c7afe1f3d24de6cd0dbb165e5baacccab7efdf1fb123649eb43e6640015000000000251224a2064004500000000619124c894000100000000034b75ebc55d9a8ab4e9f9ba7d3cae92f073b39453f5a4a2d7da6e939c7ada7296bf5d96b3e51545bcf2c2ae0e297eeb87b5331b7832ac72cf4728eca3a287eaafd53f6e2117ee91f9f4ce7ceb5fb6fe4bf13d4e08a3a8d9a9ad375791428845f9b24e1396eca7f62f1f03c4e983946709c92506b62e797bb9bee5e18f59cf7af99c3d1e9b24572c4ccbc9d6ddd9ebdbfe652fdd5c4b9f10abca36afd369650f6afa3fde651354fcaaf772e49c611c3eff360a2fe45f749096a2ba65ddd965cb3e29c5a78c7af068bea65dd837159dfb65f0754bc4df09e31545bc43595cf4f25dcb77d2adbf5ee518afda67441cb354f6eaabb2be4e3c4299d6dbc61bb56cdde849edcf7f71d4ececc53bac3c5ea69d992618001b5a000000000251224a2064004500000000619124c894000100000000039c7a55a1b7a4fc42daaa714eee21a894ac9bc42aaaa9494adb1f84630827ee5e274767073e475356974775b737186ab5da2d15f6c73babd3dd65976a5e573c4a35a5c892b0b270be17553a1d3434aaeb23258aec9adb2ba2d6e56ecfe4a93dcd2f049e5bf0ac74c3806af5905d9d3292a6c94ac798251518372796f0f09e5e33cb99b2a1c42ad751646a9e14e7050942a929760f9a8d492cc638db1c3c724fd383c1eb03895138474755929ddadbe3a28476d907084e51cbb26f0f12b1c6736b9cf118f7664b198e1b2b3312a2f06e895b2529ead4f4d4d538425c94adb6cb14655e9e9837876494a2f9f28a7965f78755a3c42b50b92b20b16467dab596e31928ed5bd3eff000cac3496707cbc5f45a6bef870ea5392d0ce3a6d3e9e13957d9bdb195baeba51ff009b2b651ae29b5cf32e699ee747b86d5a65da4273d4594becfb59396ebaf72756f5bb96c52526a5cdf9adbc9cfd9a9e1e8c65fe3e667e1f9f76b3e97f06a382d2e15dcadbd466e5b1e5275b9272eec47138b8a49cb3b5b78e48e8ad06a16ae9aed5dd6550b17ef453fbcd1bd3be175d0e33aeb979d1b7b5b9b934e29c6babcdcb514f126bc5c5d79cbcb7b73a07376709e1edf37f9374bcfecaa28dd8b88d38faa9eebf76f7b7ba0036b9400000000251224a2064004500000000619124c894000100000000189773fb19cb3c678c5fc2eb8c6a94765f5a8db5d95d37c26a2f747742d8ca394f9a78ca3a8f53375c2728acb8c24d27e2d26d239438a635cb4ca5cbb550c38f7477e3bd3f464c6d3a6758dcb70707d4dab4d4dab55d9cbb0ae4a09ca2b385cb647cdc78e3182bbd3ded788ce9766bf4919576ef8596b51941ee8bdd54d4731c633b53c7772ee6bf4e197ce55baa318bf2770a1b726b7355572dd85178e52455fa6754ef950a4a2b3638ac49befc2e7948c26786da5797a1471ad66bb531b6cd7e9a16d72a6d8ddb688c27270dae567671c4e718b6bcf4df7a58c96ee8ff0011beaadd9e5709d9646174f6a83dd2518e22b961637c96172f35f23534e87a492837bb3557672e58538a925f12dfc17533d2e9e32da9a5b23f4b0fce928af0f59cdb9dbd3a56b38ffc87e7c635babd7cb516db7c2706fb17073a94dc6a9c957155f7e136de577f36f26e9eaf7fe11c3fff005fa7ff000e273bd929596ce584b7a763cf3c6f5bf1ebc670742756d64ade0da0724a2fc86a8e17a231db17ed49337e0f070f5dafd4e2351f0d2c80037b8800000000251224a2064004500000000619124c8940001000000000c64e56e354793ca305c9d1aaba95f6d564a2bfba8ea939b3ac8a3c875bac58eed6bbbfa56dfc9a35e4f06dc5aee8dac9c2e38b3558ee95b5cfdf4c23fe53c1e974929e9d78f9427f2ff42c9a48763a9babf096928b57b25645fdc52ba7d6baafa9afe4d7292fb772fc1184ceeae88acd2dcbe3e28bf3b1ff00c4d3afeca258eafcde8537dd9adff0bddf71e07178e2e6ff00554e3ececa059650dda7d3d5fa49f3fb15536fee39b7b997a55acd29a9f8ff004ab6b6cec7b697d484a2bf723b57c8e96e8b68ff0027e83494fe8b45456fed8d714fe27346a6bfca1aab685dd6ebbb05fbd37f79d5696de4bc391d586ba8795d5e4efbec001b9ca000000001289125103200228000000030c892644a00008000000001a1fae1d1a5c42ffd7535cfdd0843ee66f834ef5d34e3575cbeb68e31f74ec7f7230bfa2db8bd3834f0df7513fd270cc7ba5192f9b35f7597e6db5ffdab3e68d91c36bfcde825ff004528ff00520fee35d75a2b1655fb16fce07361b6f6f4faea76c575ecfbca3c6579d17fabad7f6502c139e2dd243f517cfddd9c7fcccf0f8d47e8fec55fe1c4f66dff007aa3f9ba2b5fbecabf035f4f1b75f947cdac69e374328f2fe2da68fd6e2ddb7f4572b3e499d3c737f53d5794f17d1c9ff25ea6cfb734dbf7e0e903baaf9ebf88003262000000001289125103200228000000030c892644a00008000000001a63ae2d52bf5db173ecb4b18cbd52cb963f86c89b9dbdbcdf72e6ce73d7eb1f18b6ed43e72d4ea3104fd12798af66e51f623565b76d665d1d2e3fd4cb155af876a3b3af87c1f7f924a4ff00a38fe2517ac84adb2b5fabb3e2e25ba0b7eb30be8e9f46a18f5c9f2f8229bd3996ed4571f45527ef97fa1a295ed8997a1d55fbe6b1eefaee51e256676e7ead7f0822cee953d4d2feb6926bdd387e25335b3df3efca50ad7f5239f8e4b9c249bd2d9e0dcaafe38e57c6268a79af4fa8ac65ac6ff387a5d00e075704d5e9afdcde24ebf53767e692f7d99f61ba0d0f0bad55eb74f16d4ea8caeaa6bbd2945be5eb49bc7acdd3d1fe24b8c68f4fa94b1e51a6aaec7a1ce09b5ec6da3a3a4bda6262d3b98978be51c55a5e26b1a8987de003ade70000000004a2449440c8008a00000000c3224991280002000000003f2d52dd5cd7a6b92f83399aa93af4d4b8be708466b3cfce8e25cfda74f1cc9c7612e11a8d469251e74ea6e847d706f756d7a7cc7139fa9899a70eff00275e94cdbbf8697bab4f1a54ec59dd738ce4dfeca518af525f7943e9cd1b2eaacfad1707ec795f365df87eb63aad3553ca59a6394f961e30d7bf253ba7938ce1071945b8d9dd959c34ff00d0b31e6b09bc77f8bc15cd64bcf004b53a78465e1b64bd4e2d34fe06bbab59b561a7ecc1b07a3f746ba6397c9479b39eb8e76f4bf7759c7e3c9c0f54ede29727f45c655b5ea8617e26deeafe2a1c2f489728aa3cd5e88ee7b7e18340708e350aaeb6e51b653b559d94630966529cbcd4bdad1d1fd1ee1df92347a6d3673d869aaa9bf4b84126fdad333e9e9317b4cb97ca19a97a522b312f4000763cb000000000944892881900114000000018644998c01104b030544412c0c01104b030045940e9d756f1e935f1d5d573d3ea2315094b6ef8d915dca4b2b0d776578783e46c1c0c126227834d514f4075ba48ed92a6fc77353716fd9258f89e1f16eaff00885d9d9a4cf7f356e9d7ce48de781834474d489df2e58e8f1c5fbe371f39735beab38dcb38a231effa57d5e9f5499f770bea878cd52dce5a5873e6e56cdbfeac19d0d81836f6c6b4eaed89e25acba37d56bd26aabd66b351e53650d4aaae317184251798c9ee6dc9a7cd772ce0d96896060ca22238822b111a84412c0c144412c0c01104b03004494460c91400000000000000000000000000000000000000000000000000000000000000000000000000000000000000000000000000000000000000000000000000000001ffd9	8
8	\\xffd8ffe000104a46494600010100000100010000ffdb00840009060712131215121313161615171717151717181718181517171715181618181517181d2820181d251d151721312125292b2e2e2e181f3338332d37282d2e2b010a0a0a0e0d0e1b10101b2d251f252d2d2d2d2d2d2d2d2d2d2d2d2d2d2d2d2d2d2d2d2d2d2d2d2d2d2d2d2d2d2d2d2d2d2d2d2d2d2d2d2d2d2d2d2d2d2d2d2d2dffc000110800c2010303011100021101031101ffc4001b00000203010101000000000000000000000405020306010007ffc4003b10000103020502040403070402030000000102031100210405123141516106132271328191a1b1d1f01423425262c1f107152472a2e1163343ffc4001a010003010101010000000000000000000002030401000506ffc400321100020201040104010205040203000000000102110304122131410513225161143242718191a123b1d1f033c1062434ffda000c03010002110311003f0052db27a535e48922d1e67e0a5d42871419249c782bd0e9f24332dc86b833e802a28a3dedb52b38f300ef4c285268031af847c340cc8e1df2b665f31c7a95b9a537e0bb6461107c42e5354607c9f3bea18ee2e4082ac3c324935c70661cde8247219a36a14615e2053622e40868cc2a5d69a0789a5b1d117b94b6531e8aab0d0ac160d4b302973c8a255a7d2bcaff0006ab01928004d4b2c8d9ede3d2420a921ba3061236a53b653b545152c5650508dab2d6135ad0d4d50425baca01be49a9bad489f33e0eb6dd73158d2ec838a8ac28da9a13a81d4a20d8d558133c7d7ca2bb3995e5ba012be76a7fb74f90b4199b5482dc760457747b1157c8a8e26173417c839e0a71da679e7097144f26952e4921fe9ca8b12aa5345d19939aca19b8fa796638a65b3cc4ace2b0d3c575b0945596b5872289360ca8e3edf5a3dc6c6ccde71865992296d9760925c33258b0660da81766e777d15ebe3b55183b3c7f52a8e2a380d5a7cda3a0d61c16c1da859c86cd6d408e49be11269b0b07d41205a4f5acf7e2b93d6c5e899e6d6ee1301c504a7e156adfb6dd2b3f57029c9ffc76515f197250b0627498eb16f69eb5d2d5457826c7e879e4e9b48e31810ea9280b4a54a24428e9488162546d7da83f517d14c3d1b67ef6dd7d06e69e0e2db6561f654a025484b80ac7581b2a3b50bc8d7f121ebd3f1cba8c92fb665c61953076ebda8bde8d11cbd3f329d559adc830e903b8dfa8f71c54b37c9ec69b16d8d1a4691d28172545ff00b1295c53a189b26cf9e2b810e2732405f96d214ea84fc3b5b78804988de2ba5157486639351b9705871e10479ad3ad4ec568207c8ee7e4281c6bb1919a974d31b30fb4a801d6ccdc0d699fa4cd76d172934f9418bc1914c86223d466a458ce089a6fb08f3d6a9a05ce190d20a8d74f024598b576a8cde1940993b56c1a46fe8fdcf94c658874a80a6b959461c11c7d003c9a5b2d8b15e30452e41f1e4cfbe7d542ba3caceffd526daa81a1f8e65baa847ee3ebeb6e8e88a27a44d65854c21045158b9459562535cc663e84f8945e84ae284f8fc1217622f5cc6a899cc5654a44917a761c915c33c4f52d2659f31ebe80222acb3e75c5a74c9b28d5ec37341926a0ad94e934b3d4e4508ff5fc21c36c61fca27cd5a5d1b2340293eebd56b76a8dea1b5775fd0fa487a46083dbb777e6f9fec1d93a30aa4ffc92e4cca742c00001b2c473733bed4b79a3fc76510f4f943ffce92fe7cff66019d163cc1fb36b08204a56412957201e46d413706ee2578639f1fc72d7f3407e4ac5f4aa08d409040d2660cf4b1bd66c7412ccaf87637cabc4cfb0df94d2e1324c100c13bc4d6a9ce2a933658706596e94791662b1a5c595a88d5c9094a67df48127bef42d397614258e0fe21cde5c971b0a4625a0bfe269614820c6c951052afa8a358e1577c887aad43935b5d7da2591635b436fb6ea02e44a52a008d5b120ee931c835b1c9b2d55a025a7f7a9a6d35fec2ec1e24875266d3a6e7f86762798a16ec384147837d805a1b4175c569426e4fe5d49a7e28aed91e693bda8173ecf3109654a4e14a1a2348756b4857aac0840bcf6bc734f949c63d10c2309e44b773f463b06b79b95252e00982a52418006c5446c37a8f6cd2e0f6565c49ade86587ce16f2c25ec538da0a4caa5441e80a46f3debb1b6dfce5c19a98c36af671ab097b20c1abd2ce2cea82497042091d4d8a67d8d1d637c464257ea22af243fb765196e60b692a6958a535a090101a4bc9b0be951558589b5b915b09d717ffb179f02953db69fe68779678b9209439a57fcae202920f65a542c7b8b5361a8e6a44b2f4ce2e1fd990cfb1fe78d0047ce99396e546e0d0384b7362f69908ef4a4a8f46a524580cf345666ca2c38631262b2c1c79a127b503bf9725637bd0be475b5da11e2fc3aa99068794272696337bae801dcb569e2685b03f4f28f451a4f4a1e0edb2fa3edae60954f78c92391206730c40bd0ece06a9a6ca41aca0c92cf5ad60afc0a314bb9a1a2c82e0097322b1a1caa89adb045c50c80ab153f92f9ce869b12e2afd0240dd4a3c0a6619cee91e6eb7478670dd2e05d8cc0fecce79656870fa4ab4289022653aa05ff000accd91bee83f4fd1c6117b2d5fd8db139a60d6d941c225b33214d98524c6e491ea1fd277ea0de81e68c9538962d0e5c6f7c725fe199dd7d293458b23f0702ef5a9500e7bb835b9678e710d2349d2e7fd844761a62dda9ab5335f910fd3b0495ae188b1f8e0fbc1d5b6848b6a0d8d1aa0dcf30a22d34b964dceda1b0d3a8a718b7fd4d062330cb0b5a13875837f510952ceadcf99aa444db7da9cf363e92268e8b517ba525ff007f06413215a53eabc08e7da93b77147bcf12e7a20b4a89309548049b1b01b93d8512c6d70c44f5317f247bc85f965d1f0850493cc904edf2a250b560cb238d2431c6e6e57866d983654951d8c0207e35addc68caa9ee600e3df0dcc0f50bf3d7de97f25d8f94f0b69c6a90f91e27c52c21942e0121094a1294824fa403036bf346b2646d2b0678b4f18b9edb2f3e09c5246b59685c8d20a89241e021369fef4e7a77e48e1ae57514ff00c19c7f521452a05241820ee3dea570a747a71cf6aecbb058d534b0b4182398045f7041b5645ca2ed1b9238f2aa97283b35ccc3e0294da52e03f12040524f0a4f5079ef5b2c8e5df6662d3ac6fe2f8fc86e1192b4255d47dc183f85570f946c5b928b68bce18cc7d2b5c59aa6bb084200811b0adaa14ddf923fb5280329914164f1d2c77ee8be4a5a92645a687965be3924ea4a6c79ad68e8bb047d3236a090542e5240314b0d347da930057a747cb583be41b1ae6824da13e398892291289662c9f62dc4bb68a594423c8ab10ab504997635c8232f13bd0d8e941078740126c00b9360077ae2792a336f1794e29e6d0e1493095006fc7a7aed42f1c9f2815a9843892bfe62f7f50510a052a1b8508239b83b6f41b1ae077ea213f92645fc2ba912a42c0ea5240fad35e2715ca255a9527f1760e85904446fc8047cc1b1a1eb93adcbe3f668b1b9c256d25b75868e9f85c6921a5a6778091a5437b110678de8bdf535b5a31fa74b04bdcc7377f4f912611bf315a4ad28104952a6206f10249ed43085b3b2ea1a8dd73f820971211ab57aa6e820edc14a858f7063e75ae09f9321aa9c5d35c1a0f0ef859cc504afcc42504c1120b8075d13d7a916bd371e9b72b6c9f53ea4e0ea316d937f0ce6598a6d4425c895209044c083a933e923548b9e0d0cf1bc32524ec669f550d6639629aa6c1fc4f9ca1f752fb69f2d6414ae3633227e60de865937bdc86ad3ac51d8ddfd19e0fd889b13b71f4a1a39654930e5e66b2d34dc27f764a92604def79b11345bdf40bc516afef863bca330c21938a6d4eb8b24adc51060f0129e3a6fd3e46b347f89032d1ca51ff4e55f8ff91466cb64ba54c214da0fc292ad441fe9e83b5e2f4a9494a5f143f1e37861595db0dc1789712da3425d3a768212a1ff00903f4ae5972478b0fd8d3e4f938ff6e0659164ace335bafe27428954a5250955a2e64441bec3814dc7184bf73e493512cb0fd91f88267793338471b50713886d7aa52150a116f8d1ee0cc71b564e308b5e51b86597226ab6bfb2399e56b734af0d837928235051529c2b044820703f1b56cf1dab8c780306771938ca69bfec732e7352020e28b2b4c84a16d7eecdc98d6248b9bca79a08caa3dd144dce593f6dafc3e4679463ff00781a793fbc8f4a8110ab4ee9307dc5a998f2b6e9839e12d9ba0f8344eb48de222a9499e729cd76ca743653117fd6f5b4a86c66d304730e131499248b14db06c5b3a848bc5eb9c6d071c8a2e98ad62c4cdfa76ed4a69d0e5956ea0638c1c8149e0278bf27d43119809b1b0abde43e7e189d720e9cc1079ae59130de26796b0ae6baece5c00e3f0b636a0944a70e4e448eb56a4b5c1e8c67c8bb14ea5b209e4fb7b9a1b4876ee18166b8c0ead2da0ca3737dcdcfe55936ab813863be5c8e18ce312f94e11b743690371098488001223b0007515d8dca7f16e90bd5431614e4a3ba4cab36f09e84eb5e351e64eef18102f162a513b5a2a99e18c55ee3cd8669b75edf1f80ac2f8e9c0d797e5a16408257eb048dcda2419e6912d44d71d97e2d0609c77bf8987c73814e1525294c99d29b247b09b0a5a6df66ce3187ed760eb52f911ef6deff00deb76242bdf9497e0ae7adeb685b77d84627189580023491d0da2f02224f179e298d46b85c81eece6d26f845982c6a9bf854524f20907ed53ca2db3d1c19a108d49163b882fb80bae902f2b54a880013004df6802d7236a382be1b26d44d2f9417f6219860f4142a565a5a42d2549095e9248329922441e6e20f346d453a4222f34e1ba4bae001b8d50a98edbc76ae0570e98f7c2f88c336ea8e21a2e24d92980a813337201361f7a3864c716db464f4d9b2adb09531f67d87cb96d29d61cf2dc830908090a200212b41e4dc05276279ad9e4c538df4c2c7a6d5609a5dafbb14f86b374b05cd6d0702c0064c111361d266fec3a52b1e6f6974559748f532b94aa8b73dc4e11c6c794c869c4a87c330a490641bee2df7a19658cd754c35a3c98677bae2c4c972292d596c726d2c2dacb65cd2ad02c57a4e904d80d5b512c6fbae05cf558dfc2f90bcaf3d7d9b25c540fe12a2517b7c24c0f9517b935d3170c3864aa51e7efc9dcdb322f90b5848501048006ae24c760281cdc9f2511c50847805c2eb2a1a012b0752424126419b017e26b629df004e71d97236d83ce5b7e53050b1328558db78eb1d37ed57c322971e4f133609423bbc0661889b53856193ab65d8a098a1691441b14b4b00aa3e6282fc14ce2da5624cddcd33d26a7c89851e23cf62852c13331da905b0c97146bde7951c91cd1db7c1e4e6c91c7d134ae8d44f35ea6698cf2e7fad322e82866727c8d9602d34e7ca288bdac4afb064cd25a2f8cf8e0cbe1b366fcff39680b6d0084255b13fcd1173d01fc6911caa32eaca32e99e5c4ee542dc63415adf0a6912b2432090b85191a5201005cda78ae9c13f95afe42f1659636a1b5b5f60b836d4b5a52812b51848ee7a9e296a0e4e8a5e78e34e6cd0633c20fa028a9c6441d94a2931ee447dea9969295d90af54727fb5d7f216f87dc436ff00ef9b4a9374a8286a0932248bef689fc69509ac72f92289e196a21f0743ecebfda9461085a4911ad13a527a941de3a0a2964c4df085c74da98c396bfa887c3af142ca12d36f170e8085a42812260a4abe1ac84e4a5b5726cf4f8de3df26d57d10f1065cf257fbd612cab4cc2404823ac0244fb5649b8ba6a818628ce3ba0ed0035948537e625d415ead3e4c2fcd3cc801241100999b4758058b98dd9238ca1976d3afbf008eb2a027f3fca8135d1464c738aba22ca8735cfb0714935c97bf88914b8c5d95e6d4271a4006fef5474792dee7c7616db6a4c6a0533d4114b944af0cdaec3f058771d5869b492a36006fb7e5cd2e30b75e4b659ea3774979192bc2d8a09d4595cf4d24abde00ad78e7f46c32e17fc485e8c1a8b81b5a83649895c84a4f1aa04813698b7cab2114e54f83b3ca4a0dc79259be52bc3a8254b695ddb702e39b8b287cc5e9b3c7b1f6478b34b2aadad7f341f84f13620594b0a111a54846981b0034c08acfd4645fc838fa7e9e4b9e25f624c42b528900093b0b01ed3b0a0ec6b5b155f432564af06bcd05b5a392871274dc27d52445c8fad1bc12ab4221ea10bd924d3fe45196e294cb8169b2933d88dc1063e76a536e0ecbb1ac79a2d3e984e2f305b8bf354afde083aad26369ebd26837cb76e653ec63f6f625c1b97982daf49d880411c82263debd684948f95941a5ba3d05c234c9ff00344d7d9b1c927d013b866d2a0b491eddfa50ed576551cb371db23d8cca1b7d0a1b18e969ad7052429e4947f91827707a5452a1706bcf941a747b18e09c551a57498ed5a9a3c7d641b68b9a75205ed1c515d9e7b835c130f82af49aeb43a1826df43eca9871c20820026d3c8e481d29d14eacae7b611a67bc6b8543186595bb0e2d2a084802498249e4c4037f6ac9be04e9f52e591452e0f947f08e937a892ecfa272b8c5781ce4b8561d4afcf714dd804103d2239575e91ef4cc7edab527c88d54b532a9628da5e0561250b3704a49129363062527914b936518a29d368638001f5e875d2940e492779b253724fd86e7a12c30527f27c01aacce0ab146d8c33df0a0c333e725d2a208252440295181a639b8fbd53930c36da6799a7d5e6f7545aa29f0de5587c4a54979e2856a94a440b45c99b124f1dbbd2f1ac7b7e451a89e773dd1568b7c479031864eb65e52d4929d485c5c1912981d78a2c90c7b7e2f917a7cd9a33b9c78679af183c1002db4be117495a4928b47c60f43cd04324ebe4ac76a70e1ddf06d37f4c40de3079de684e8bea094c900882227bde2824df711987627feaf2bfdc779e788d1896f4a9b4f980085a653306fad245ed37adc9272adcb9fb0b0a846fdb93afa7ffa31afaa0d322ad1e66696d911bc4c18da62df5a2dac43cb1eac3b267cb4af31206a13a7500a00c40541b123713b183c504a6d32bd3e05383bf26a58c165e5216f3ef2dc8055a5264aa0c8d4b17bf35cf2627db295a6d47f045508d082952bca2a81a883b2b47f541b5b71495ba4fe252d431a4a7418de77884583cea4f75281fb9b6d58de48f96312d3e4fe141aee418c7db1883eb94ea1a972e29312201edb09a72d3e49477b22c9ea18233f6a2bfc70559267aa6dd3e6212a4956a52548495031a7d24894900011b5a86395e3fc8d9e9a3a97cba7e39ec6be2ac4e1310dea43650e24485881a87f2a922d3deba79633071e8f262edf1f461df6951aa0e99898b4c4c4f58ae8f562b3f0e8eb445ba8bcd6729d8c8ec94769e0545477513279249dc9ef5ad3901197b6dd07605e46a4950252235cc584c481fc43b6f59edaf033f5534a9a3eb98bd2eb06e15b2814de44482937b7b55b07c1e562e27cff0053241d715b2b625331d0fe8fceb374a4532c31c7220e2569327ed7f9c0ade50717197032696ab71226db9f7a3b14e31425c7e094a7146773fda972836ecb31cd28a3dfb47150391d2c498298277e6b54bc12cb496ecb0bd7315a996461b63c9f4fc9b0690520dff760022d6e8639af424be28f035337b5d7d9ec6f861a71ff003de255e80de99f49499d40cf5b1b74a4b92a3cff007e504e2becc7f8b3c02194bf8865c094415791a498ff00aaa7606f716da691349727a9a2f5473db8e6b9fb3e7c5c848a9ead9f54f228406dfed8c2982e2713fbd4a35a9b29b123708518e0f79355ac789c787c9e3bd4eae397e50f8b7d89d8720cf352c959ea619a4ed927714a88d460f1263aed5a930724e37745d9661dc715a1b4952a0981d056ac52c9c23bf558f046e4e8b31b8574385b5a169581f0a81d51c40dccf6ad58a49d57263d662c90dd17c0f3c27e235e15459741d03ffc94900851324c9120f634f8679e3f8f8229e8b0ea1eeea5e193f1a637078895a10a43d09b809d0bbdf558198e7b50cf2c27caec3c7a4cd8a3b64d3899acc3189790951400ea7d2b58d9c1c2943f9fa9e7737a194edf20e3c3b62da7ff007fe0598a12948b58933cfaa041ec34dbdcd1c655c12e7c49fcd0df00dbf8808c121c514a8d92a590811eabf402263ad6c27393da166d2e9f14376db6158af0c96710de1bcf6ca88d4b2274b426fa89dcc0fc3ad6cf1add56660cd358db5169781ce79e067196cb8d3e1d024946ca0912491ea2151cc015b3c0abe2ec2c1ad9ef4a69afc82784337670ea5975b2a2a8857f28ec3bda97873ac7c166ab473d43b4faf030f1267d867da292d92b894ac6e93c4cde3a8a64f5309c69a138bd3b2629a945d2f2beccfe5b98adbd893620499807a4d472c92fb3d4860c75d03660fa96428efd62e7fec793dcd6464df0cecb8e31e627558af469ae48273fb26c29ef21d4a12b2d2a35c20a916db5188491d69b0df5c74459ff004eda52adde0030386528ab432a74c47a52a544cff28306d6a6c39f1679f99283b72a258b79687216d16b48f80a5492019e157b83bd14ad35c503866a9d3bfc95e2b1008005e362070694e3cfe0b259d6c49763ac1e6eb4b284a1441129ebbc4da9aa4f6f0c2c78d3e645f93e36cbf791db54ff007acc3269b19961b9a637c3b89dd447cf73daa88b5db229c5a748bf1d9d212069371c73432cc9078b49293e44ef67664edf6a57bc54b4890b86238a8864a1678e26bacd502e65da647962f2aa47d13c23e236d5a52ab2928856fc080a11d809f7fafa10929c69f83c6d66925b5b89b5f342d3a85c0e47237b73fa34b944f0b2627174c59980f301401322f7b285ec7ad4991366635b1d9f1cf16787d585705bd0a52b44f0047a4fb4d0ab47d668b56b5349be50954b12124c024093b0ee63815d08db3d0d466db1fb2ecd32d5b1a495256854942d075248fec6fb53e78b6ff23cdc3abde9aa69afb0b673761387523f646cac82038af52ae0fa8922c66e2228d65828edda2a5a4cb392c8f23afa0df0c676c61d3a9587d6e4c85eabf48022c2861a858f848a32681e756e54be89e459c2558a71dc46a56b0a4cc98425464c7223611d4d7433d4b74fc9b9343ba0a18784bfc8eb386b2f751e5cb4dad465b7109363d1d56e419dcd1b96397027dad443e6936976bfe0c0bca2241bc18278b18dea6d94cb9e7b872c1b5f028ebc933cbc6d451885a752b4ce8d474eaf8b4cda6398a6d5f443bdae2417817ae140dc6dee2f499a6ba3d2d2645376c2311892a714b51924cdccfdcd0768a3728e4094e2d64048528dec013326d6fad0252ba45339e371b951cc6e5efb5ea71a5a01d8a9240faed4d9619457c911435d8b24be1207d74aa2cdf68936af956346c6744f0e84a960295a524dd51303d86e68e114df22b34a54dc55bfa34b99e45844e14b8d3b2b0350254351fe95222df8d5ef160f6db8be4f2219b58b354e3c7fb7f500c833d75841425460dc4dc24f300f5a8d6a678d523d17e9f87354e6b9050cf9d88294a835e60513074a02b41546f649239da68e13f7277d589d4e058f17575f627cc302fa5085ad2b0d91e851929dcc8076179b5329d7279f3504ea25430cb027448b5f9db6dff56ae69241423393e02f04a9052789508efd685532fc126a352186591a9409fe19fa116fbd746b7145f05fe744deb9c8c9c3ae011e749deffe69326510540daa961ee3be61aea124355750498434ec0a287023296e5f99a9b585a4dc7ea0f514c5371768cd8a51dacfa4e41e2843a004c2546cb44aa488b9446f1f5aad4a3957e4f2b53a271e5f5e1ffc9b33840a0952546d11c8ef69e695930d1e0ce2d3e519cf1d646b7f0fb02a44aad324ff004f4a44a1228d066f672df867c65f60a5635022d304411c4107da85f0a8fa9c7253c9bbc153cbae8859a517d15cda28bc8abf8d12d76aca19be950c70796bea4798865c524d8109267da2e7de89e09c95a4063d7e0c6f6b924ca316dad165a548278524a4fdc507b6e3da1cf550c9c45a6687c0afb0d1794f242a500004022249544f314fc19546ec8b5ba296551d8e8cc6618446b5f96a1a532a4ea30489f847f541dbb1ae854ae856a31bc6937d80618a42d2a711ad137125215db50db7a35c72453a93a658000b2101507e104827d89004fd281fcba29c5fe93a6c35ac03ca301a5cee212485089b103a56fb2d04b576ed9cc0bb0b0af508332930a17dc1f69a526a0ecb76bcdf15d0ebfdddd4ca5b7565052414bb0bd533b8322bbf5535e46bf4ac12f093fc08923d4013009b98b01d60562a62e5bf1aa433c46170e74a30ea7d6ea8a529d41010b52881004c89279a6d627c2bb26ddaa87fa93adbfe4af1b973ac385b79050b1120f713622c47b54f34e3c17e973c33477c5d9e7c7a7fbd2a252e4dae42b0f92e2612afd9dd214244214647d298e0d93c75b8629adcb8365e0af0c3a1e0fbade848b80a32b2620587c22f37bd85331c1a6797ea1ae84a1b20ecdce2d8410a0b4a488b8310473f2daae8b6795072e28f8e78c300d34b2a644241852413027900ec3f3a9b2b4e548f6f14dc22a4c5990024ad5c250a13dd5b0fb13f2ac8f0639dd1d4a825c31b45bed40dd48bf1728eeab1b7e8565d8e9276a81546966c994151a2a25736782eba8e59090556341a91226b5700cf9209ae3132ec3e2149329241179060dabb95ca0d493e19f42f0c78dcd9b755a55101c811eca4c7dc5558f509f133ced57a7c65cc15afa3e9182c4a5d483a9249e45c1f9d1cf1df28f0336178e5c2e0cb788ffd3b6f12b2e25c2da8ef60a49ee536fc452650b2ad37a8cb0adad19c57fa50b91389494cfaa1052a8ec495007e55b1c6af963b27a9b92e23c98642461f10e20b695e95291a5d1aac15bda2f037ef5ae4b1caead15c313cf051dd4dfd1cce710db8a4f96ca5900414824927a9277fa504f2465cc550dc7a69e2f8ce4d8df2bf12e2194a50140a1220248b011daf431d5e48f08aa5e95a69f2d72fc82671e25c4bc16dad6148541d2520e9833e93120f7a37a89cd7c8925a0c3872278d745b81f0f6296c97d281a024a84aa1440e523915d1d2ca4b7072f56c78e6b1f933ea3ac8120498926009e49e0504234ced465deaca3158c52d2949801021290200da4c0dd4604a8dcc0e00875bb3cda4a3f9296dc320cd6552e028cb74959a1633774341af315a46c351b7617da952cb92b6d9ebe3c383f7b4ac5baa0db6a0ae0d52a9f1d17b6e498124f417341b1947bf15cb66dfc0fe0971e743d8868a594c9095fa4b8ae2526fa46fded4e86375c9e27a87a8c6371c6f93e8f83f0b611b58712c36160c821291a4f05200b1efbd1a55e0f1a7a9cd35b652741d8ec9d87800f34873a6a4cc7b13b576d75c818f34b1ff00e36d0035e1dc0b075865a49e144031ed3b572c651fa8d465f8ee6c21fcc5aea677000b9a72c4cd869e667f13e276fd40ac2624690415fce2c2b5ca10ed974349d34aff00d8c8e6de2b754b211641ef27de7ad272666ff69e963d2422be5d99dccf15e62540de5307dc5c5213e6ca25893838a02ca71890d29110a999ea08883fae68e4d91e257445e8d468247a3888cd059476714dd6d02e1c102d56d0ad81b8af0eba992920a789dfe74d9468f1f16752fc0b5f654830a1143454b21c42e85a1b19d9d9ae0db3c0d71d16588550b19190f325f103cc1942cfb1363f2a2865943a6765c18f32f9237d9078f50af4bbe83dbe127fb5530cd09f12e19e3ea7d2dae61c9b2c362d2e017f98b8fa8a64b171f167933c3283e0cfe73e0a61f5f98773b98136e868b86a9a29c5ab70495195f1878074a50e611b2a2069711324f216993bf6a0c986ff006a28d3fa83defdde8c6ffb462360c3f3b4794bdf6de2a3f6a77ca3dbfd5e1dbc4805f616db9a1682958374a8107e60d756dec5c64b27ed7d9ab63c5b894b71a86ad8584011b40a27acc9d050f48d3f7463f3577538a58484ea33a53b0b5e3f1f9d6a96fe592e6c5ed711e450fb954411e467cad322d1b8ad9740626dc91bfc9334c3b787d296121e0235ac05ea27737dbdba502d5431c692e4f4a3e93973cf739fc46fe05c532b7d7ff1994bda4292b0994c030ad2851841b8b81d6933cbbd5a54275fa5c9a654e4dc4fa2e5f9823510a090a9e001c6f4ec71dc432c32946d0d1cc6206f4df6993ad34bc0b71de2269a065691f3fed5aa118f6ca7168a53ae2ccde2bfd454207a25c33b9109f952a79609705cbd22dfcb811e69e3d7d51a0848e440fef52bcf3be0ab17a76385d998ccb3b75df8967eb6fa50fb927db2d8618417c50b03e53b19ef58d261d7071ec49e0d12365547708ec835bd1b8a4a4ad15bab05cb252981a61331e9113726e624f7ad93b258c145ff005679c50ef42ca62e9110aa1635489eaac19b8f6aadb32c70ce6e48826477dc7b1e69d199e5cb4b14ee22d52f52ca54410ada7ad1a8a974433cd931caa71143874a88e862b368c5969da2e06965ca5c1d06b0d4d124d631912c06b2872917b2e1158158f72bcfde648d0b20720dc1a6c324a3d099e9e197f7236195f8f5040f311a7b8fcaa98ea62fb3cfcde96efe2c7d87f16e1d51eb4fd63f1a72c98df9219fa6e4f286cd666da858a4f3b8a670d70c9de965167cbffd5568296de2111176d47dae99ff00caa2cead9e868a6f1bdacc2fed062a5d87aef52e8ada51999e08fa8823e946f844f14e72dcfa42ec52413f3aa60f83c5d5453936790d94aca4ee0907dc5aba7d198294c6ec3d68a8a51e4fa6c19d28a4cd1f80ddff009720130db84c7b735dfb51e6fab4d4f157e506e6798ba87411e92120daf3a8983f4a7466d4134169314258ebfef02bc4e72fa8fa9d59f99ad7397d95c71635d450b5ec515727bd29c98f8adbd156bb4561cfb26b4d81a0be41bf050a1448c22a35a63670d718d782dc3a2b1bb0b1c143a2a77ffb0feb8147fc2899ff00e5671f736adab0a7936d223ae868df7096baea0bdc3daeba8dde35ccb0c90e422f7881d7e97f713314dcb18a97c4f3341a8cb2c779171f650e61d405d0769ebd6ff4a15092e46cb53826f6b68538ac3192a171bf7a38cd3e189cba771e63ca38caa47dab24a98dc33dd12c14239139a1184c560699306858e459aba560c4cf05d71bb89a1def5a76e0a631aa044288f9d12935d33786b943bcd711397020c90b13227f88c4cfbd3d4be299e26a61ff00d96bf025c466ea527d6d30ab6fe5006e3791107dab3f50df0d21afd314636a4ffb8870b85716561092ad2852d51164a7e237f7a38c7774433cbecda6f8035aa456a426724e3c051080c8447ab59503036524089dec52081b5cd72c97c1af48a3524fbf01afb0d86d2a438a2a23d48522349e7d40c11bd04b63e99641674b98f1f66b7c03942834ac5f99056953494806c354124f5b5a93929fc4f3b5199ca7b597f8b7100ac2447a409ea2d61ed479255148f5bd3a3516df932cfb82696a5c1e8d03cd00c4714aae31966b917aca328aa688e672b8c386b416588a163522970fa8d317448dde460d895cabda9915c11e79de47f8221caea05643be657507ee1d0baca0b7b1bb923f87e444c6f6bed49f25ca0abfea2e6160a7490a508f51b7a7680266d23a55781b6a99f3bea3150cbba3c016259292645bafbdc4feb83413c4e25da5d647224af901591c50ab1f2db768e4d71d658934343132c9a11a8924d60d8b240d60699dac09f27935a62544a6b034cd164e8f370d8867730149f71fe29d8f98b3cdf518ed9c26643f683115db1583faa928d1c6d1624f3f856ee69d2023854a2e5242d56f0393602a94acf1724945978d415a54082924107820c1068251a28c39773439cb5a0eb8db5206b504c9e24c54db5d9edcf530589b3e9f836bca650829d200303f9520da793d64f3358d5cf83e717fa93b4613c40e92fb90644fda2d5d90fa6d2251c49342972850f68f456054762b8da386b8c395c61e8ad328e4571944dbac61c419e72351a6c637c10e6cab1a7216972a8a3c6f71be4f055751ca64c2eb2862992d75941fb86cb0d95ade94a002447d0f323fbd223072bfc14e5d6c60d349b4c33ff8eba8b04a4af706640b82644c5eff006e954e2718ff0033c8d5e79e6a6fafa13e6d855340a5680550092a17df482081f81e4d325d3b13a77ba6945b4677100d2227af9aead1c42e457495058f26e565817414394e99724d03288be098a11c894d60764eb061e06b8e3c0d71c3df0962f4e2120ecbf41f9edf7a661752fe6235b0df85fe3933be28c016712b4f04950e906f6aab83c09f69af22d75d20419158a1c9b2d43db5656da7f8bbc0eb6833f7146f82682527c9a2c996c84abcfc3f9a54675f98a4ac7b45899bc9eb49f7a31752567ab0f4fc9922a50957f4173c82856a6c9106524fc422e36e450a945b0b2e9e718f26ebc3f9fadf438e3a0484106059462e4f4f8b6ae8c145b248615f1dbf665f10bf59239fca913e59f4108f1c942eb104d1d49aea3533caac473235a09cad38f57187ab8eb3daa04d75598e5b62d8b5414e2b4a7f46ab8a515c9f3f9f24b34ea3d21ce1bc20b5242bcc009d86991b726647d2b5ce853c325e4498fc0ad95942c41fb1ee0d6a6a4b814ee2f9070aada3548eebaca3779f6d53e861af4a42509055d49eea51dc9b529c52a4809c9be5be4c4e23c797f4a5477e801fa51a8f905e345786ccf158a4a8250b23480081e955e0ea5aa237991bc74a294ad51b8f4f5352423cd72f718212e2627622e93ec47cbeb4b48f46592c53ae0fbd32ad11fb9b27f82d42a81a2984825b7296d16e3c9c1725540d14c2564e6846a91206b824ce9ac099eae38b70ee94a8286e0823dc19ac4e9d8756a99a3f16657fb4b6de25b37d32ae87981dec6ab5f68f01e34a6e0fc33e798a37a640875092748824c69e9bfd4c7f6a27d09c6ea487186c40022a29c2dd9f4da6d4a8c76b26ebc93431834372e7c6d0f72f50460e76d4a23def7fc29936d40970c13cdc75d8a9d724d211e97446b8d2315a0d72789ae39b224d6a01b3d35c759eae38ed71bd02629e04e91c6f1d7a53f1c2b96795add5293f6a21d93e040299b93b703bc9ed457b989c58f644db609bf48823611fae68e4a9032693a327e3a7be04ff00513f448173f3fb56625cb6479dd256643553a89b79c935d40ee67d533fc6ce19f40d4096e62dd44cdfa4d294b92ed462a49a137867c2e980ebe24900a51c0bdb50e4f6a34accc78f8b66a4884f6da0c471b56b4864dbb480f15836de6ca1608e79236dc7434b715e06bb5fc85f90787d9f2961c4256a59d3a8892122d289109b83f433b4576efa209c24f2d7d09f3cf0a16c15b04ad204949dc5ff0084f23f57ae4feca1639783368722b9c42c796b80843b4a712d8652f4aa81a2a8cacb01a1a1ea47755651bbb93b35c159d06b0d52365e157bcc614d9b941d40763c7b6f4fc2ec83590db3535e4f9f66b864879490484ea22fc01bd3e2f83c9d442e7fcc8cb64ea54c010948ded3a44f4d893ef5d7c80a114acb30ed8348948f4f4f8ad163cc0e26b2331b934fc0eb1461a651fd3a88f736a0c8fa455a58d5b01a5951eae388a955a901291052eb52172c8475d6d0bf70f6baea377a3de657519ee0362715c277fc29d0c7e590eab58d7c21dffb10c2b573dbf1eb4737c11e9a16f71a7c95612b0a208813c9b122f22f60adedc74ac8527c97644dc291a1f38584c8fe2169023d2447cf9da277a6ca5c11538cac0d8cb52eba56a48500929bc1bc92a37b1b47caa7dceb8159ea592ff0663c4be1f4a4a96c8803e247039f4fc8ed4c865e76c84e4d35add1fec214a4451b6c642114a8fa1e0f0ab51d2b40d2a050b04c5a2db6f7039a4d3b2ad4ca328d263852892403f2b6dd05508ec6a922a7b50802f20da08e26dfae2b59442117d94adc54e803a923b03d78e91da85bf00cb12ed93c335a015031ac01a4fc2002a2488b8de3e7da977c511b839ea1b5e1143ce120cdc6a10390143623bef45cd17c609189ceb0e932a1f18275003f5f5a084bc13eab0a71f722296dca3944971e5f0c25b7694e25d8f2842574b68ae3326955634363239aaba8cdeec956076c6be1bcd8b2f5c1d246957cf6fbd1c3e2ec5657ef278ebae6c5de3264a7104010957a81eb3f141f7aa62f83c4d4defa160c1afcb0e5b49514ef7900136f622bad76646127c1e69e8a5ca36578b3b87012dbba880297b28ae3a8791d219e29dd4a27a587b0b52a6ed9e9e38ed8d039343473951152e8921729d03adea62811cf508a14fd1a812cb516cf072b9c4e594ef9b5db4d7997452fe2a2dcd1c31d92ea359b552ecaf097327de8e6e89f4d1deed8f70089336179279ef7de9176cf5f1e2508f06932bc22489004482278dc920f1bc5ba532085e66d31a39854c241811691b7c26d68bfe75b3fa27b7f922caf4084c8e80df5724cc8beff008714a42d636dbf220cc31220c281bcc444dbdcf7fad0beecb31e06b96641c6e09a729124b1fc99f514472761f5a65a1fedbbba2c68026ff8fe146826a89800927e4003b47b7bd7069f00b89b28446dec472668186926b92ac53634c055a239b7bf6de836a3a11a7742bcc55a502140dcc8d3789ebba79a09f0950ca77d199c4620a4ea1685031ec7f3a18ae49f3f1067b32cb9256bd16bc8e90a01407de9aa4fc93e3d2acf854e3fbbfc314c9060d88a2688e327174cbdb7296e2598f297a1740d1543212d55941eee49eaa1a1db8bd81247b8fc6858e87234ce33569d63ca51850b8e7d40ef3122448a6e372f279faa8626ddb5667da5822ba49a66e29c251067c89a6c6c87338261597d8cd2e6cb3470f2185753d1eb3c8bc142dd8a628924f324ed81e2317c53a388f3b3eb52e103a752b614c7488a2f2e47f1410de0947734b7951662d0e57db084e03b9fa52de6fc1647d36d7eeff04ce54a22caf9c572cebe8c9fa637d4ff00c03af235ff0030a6ad4c7e88a7e8d97b524c258ca9638a09644ca70e8658fb18e1f0ab1123ef4ba65c924875877140731da7f09ed4c5685ce316c2978bd81d84daff003807afeb7ad6efb13ecfd02e2b11288eb2369b74ee3f3a51b1c5523398a734937dbf56ed5c90e9cf6a76280b9bd51491e3ef72f91f4675c348723dd8e340c567ad6a633db884318850ef44a4c9b2e052e83938841dc5e8e33fb3cdcb873c3f6b3cbc3b4a245e4d6b9c685c336aa3d89f30c09d240eb33cff008bd25bb3d5c4dcb9919a7b04a4ac29492520827bc5e2b62e846ab0ce5d15fed05454b56ea513d8761d8530ed2c7dbc7b486230e1ceca1b13b1ec7f3a28b13abc0a7f28f62a50292411045134798a4d3a65a85d034530c85a85d0354510c968bd2aa0a2a8cac2195c114b68ae12146394759f7ab31af89f37ac949646528728da110c8d2a3c55586b9586611fe0d27240f4749a8a54cb1dc4d64718ecbab481f52954ca5123dd9333e0218c20e94b9656598342972d06b6c814872b3d5c78147c17a1ba5b6531816213596312a0d69b1c4fd6b9760b09658a2490327c05270c276fd76adf229ba45ede1c1d87ebbd146c54b8ec27f671c7fee9cad096ac862708363f2b4fdeb9f26478e50b5f638e7f5d681fe47a87d19fceb02b209489a2c6d5f247adc39678ea0ac481045883f4a73a7e4f29467154d33e8c9541353d1f48f92971ca0b19189732ab5305c9040681ad16db39a349deb0da525d17a2fdeb054be20ee3201dab43bdc84b8fcb52a26047b56ee0bda4d09dfcb969d84fe34519226c98a4ba01c5a8284293ea1b1e476f6a7ef4d1e6e6c49f7d8b8822b3b23e60490bac6864275d0421ca5b895c3217a5ca5b895c728163d57a7e2e8f2b5cee40a836a6b2183a472b8cf258da49da85b487638ca4f80b67064dcd2a59123d0c3a1949db0f6b0f153ca67ad8b4ca21286a96d96c31d16a1ba16c6a89309ae0fa458115d560a97d84e1dabdcfb9fed5dd1d2971c0c70e4016a24c4cbbe462ced7bd1d13cd72169d22dfe68d134b733874834566ab67899935b6755702ec581306696ed94e3fc0bdd4278dab24872b60aac30a00ec6537a6f913e0829358d0699264d145032e439a5802f5c29ab2b75d9ae0e31a09c1bb620d6508cd0b7688be66b923a0a81169ad687a652b6fb5030d742fcc32f4a85d3f31bd6a6d0ac9a78cccce6596a9b3d475a74322678da8d2ca1cae85aaa71e74b8381caeda72cad130fd63806b51456eae68a2a8565c9bd95d1082fc361cabda9739a457a7d34b23e46ec6140a8e591b3e8b068e30416db34bb2f8e348bc61e0deb18692f05ada2fb7f8ac09aa458e3466222ba4627c592436924f616fc26b6ad0126d23a910aad8a675271e438b4489237da9bb45a924e90631852535ab18a9664a45cd346685ae4c94d57249990a9a3dacc9538966a9de824ea42ab6a2cf31005eb50b6dd803ef08ea9da8b9a1f1947ec1d4941129359b780d665e4abc934ba1bbe25ee6f4d7d811e8aab06136f6a25d18fb3aa340fb3913456a31850a262d925560b045ef5ac7449af6ac3114d0b0d0af1807abda87c999bf698bc48f51ab21d1f2d9ff007b2834c26672b8c395c6124ef5cfa357ee1e61054390fa9d22548353483d48f41f87161ed45e0c976731476ae61e308687a6b102fb20836358fb327e0f47a4feb9a2874ccf25cd0b0a7c45b19343e1f9d3093cb193237f6ad44efb2ae287c8e7d950373ed58c29f48a53b8a99f61f861e78a7a2740ce6d413e86c5720cfee2b63e06a5c32b50ad609fffd9	9
9	\\xffd8ffe000104a46494600010100000100010000ffdb008400090607131312151312131515151718171a181818181717181a18191a171a18171717181d28201b1b251b171621312125292b2e2e2e181f3338332d37282d2e2b010a0a0a0e0d0e1b10101a2d2520262d2d2d2b2d2b2d2d2d2d2d2d2d2d2d2d2d2d2d2d2d2d2d2d2d2d2d2d2d2d2d2d2d2d2d2d2d2d2d2d2d2d2d2d2d2d2d2b2d2dffc000110800a8012c03012200021101031101ffc4001c0000020301010101000000000000000000000604050703020108ffc4003c10000103020404040307030305010100000100021103210405123106415161227181911332a1074252b1c1d1f01423e1628292155372b2f1c224ffc4001a010003010101010000000000000000000000010203040506ffc40027110002020202020201040300000000000000010211032112310441226132051342511471f0ffda000c03010002110311003f00dc108420010842630421080055b9d66f4f0ec97ba09b346e4953eabe013d013ecb36cde6ab9d51e66f6e815471f3d325ba26d2e2ea14c78a9174924ba6ff0092b0cbb3bc2e2bc0ca97dc35d670596e7b5c0b03b254c1e70ea58ba2f6b8b40a8d0e831e12403e9054e6fd3f0ca2a295042725d9b467999d52d2c6bc863645ac4f9acf331ccea35c035e45ee4a69cff320d610165d9be34924caec845638f144adbb2fb1b9c1702d7c6a6f31cc2fbc1f98b46369826356a68f320c7d52be0fe3621e5ac6baa3c8e573e64ec0772accf08e269c547d6a4c7020800b9c41171b084edb1b48d4337cce1a44dd2163b13e295d71f9d0781a9cd15367006c4f3227af451f03c3b88c4f8c453a7f8df37ffc5a2eef3b056b5d10becf787cdb48806154e6d9ac8027ef4fd0857b5b81aa478712c27a3985a3de4fe497b8c3876a615cd877c5616b487b46c63c4d23910652c92a5b1c5ab2470e669fde689ebf40b47a18e68a524de162193d57b6bb1e01b1ef104106fea9bb119c10239298494914d13f1d9802ff0054df9067b44d1f86e035722b22c5661cd697c0dc3e5b49b5ea89a8f1a9a0ecc69dadf88efda42769e896a8bccc293ead66b9ad7416539201df63f40142c1667358c48f1db91decbd66d8f753bc9b6f1336fcd5865399533f0aae259a9b32d7910e10799dc81d0a6f4895b3506afaa3d4c6536b3e217b74c4ccdbb2a1afc614c3a1ad247526170a8b7d2366d21990a932de24a554c1f09ee6caec1434d7609d8210848608421000842100084210008421000842121021084002108401cf10c96b875042ca73dc5966a69106e3d53ce6fc40ec3550da94f531c25a5a6f1e479aa0e22181c439951c5c43a43b49d37eae113eca71f978a0da93339357d98e6718cb9929431f564d96d19df0ae5d54006954a6ebc383ddbc9bde411b245ca3206d2cc29b2a1d6d6b8ba1ccb10d05d0f06472f22b497970926d3e8b4d5177c3587c5e3e87c2653d5529530492e0350d86ff007bf64b58be1dc63cbb4e1de435ff000dc60435e3ee93300ad4726ce3e0ebfe998ca26a40243440734dbc3b7defaa8997b7194b138814eacb2ab4d576b602ca8e27e58980f3e2b8d805cabf515255ec884e2fa3a70b70d370d87f8663e2100d570dcb8fdd07a0e8aab89836998099788b1c6899e4e1a9a7cd6639e6665ee257ab09e86d59df87b29663316ca6f12c682f78ead6c5a7b9202d43357b58db401b40e406cb32fb33cc43718f69ddf49c1be6d735d1ec0fb272ce7382dd50d065a45fb8227d267d1526fb42a574c855b31bee572ceb43da013e13f4ee129e23302372a2e2b3a2eb4f92b9d4a34c8701a1d8bc03e80c3e1e8bbe3eb3aab3e600076689b9239116951f1392516b60b4b8f52e3fa425ce1daffdfd505a2df308bc5c8f55a965d97b5e05678d53f203b47e23d6792e7f1f1c60ba347a464d8ae1f739e052a75482e03e5716ff00cb97a95af3b3da54669d4769200807a72fc945ce335753b6af650720a2dc6d426b35af6522080403e2fbbe96985b4a34b4252b7b3957c2623124546343699d9cf3a447503723bc29389c0620e1cd1656a0f3b869796dfb170813e6af33ca0e730c6fcbb257a71f16c036cd1026240b9bf5374d5bd0bad917864e24d57d2c435ec73376bc9e42c45e0db985658fc541b1fd95ce26839d48e9f9c34e93ff00e7c8acd2a66f264f7b29fc74c7a96c7acb31926413f92d3384b1e6a532d264b623c8ac4b29c75819dd6c3c0548fc373b91800fd4acf325c6c71ec6a4210b94d01084200108420010842001084200108420010854f9be6cfa2e034020ec64fedbacf2645056c4d9f33bcece1dcd966a6b85a0c190a057e296be9134a59505e1e0107b6ea971eff885ce71bcc91cedf28955152a78af63b0e9eabcbc9e54edf17a309646899c419cbabb581cc01ed04c8b820c6dd15139a7c276b807b1b5cf63fa29ba665b110663616dff00355e5da5d22e66e3915c926e4ee473c9dbb678ad882001b81eb63b8bf55e1d3e2d2d2e21b67449d2483bc6cba57a31706c7e9dbcd742f25ac1207879f99fd134bec956885806ba089bc823b7227f9d13252749022601da79050708e1241680483102f3cb6b295973a038f236bdadcfeb0b68c50e2a912aa43a9be93c071735c1a48bb5ae82d6f9871dfa42c3b36c443883620911dd6df8500cbb63207b5eff004bacff0039e123fd41a54691a8e71d448bdde49324d8004ee602f4fc3c8edc64ceac736fb33dc1e2aa32a35f4a75b4cb604dd37e2788be2b64f81c776f7e71d95156268bce83a082418edbaf34b3363dd1540bfde0bb9ce70dada356acb2c9b2ca98dc40a34cc4ddee3b358373e7d073242d4e86414b054e68531205dee1aaa38f52e3b0ec172fb3acae951c39ab4c871aa7e6ff004b4901bee495759fe6034415b639392bfec97d8b14f3f2f7398f6873260070131d0da2573ce7889d41a3481a400205a1a2c23b05522a00f9102ea1e7d890e6efc96f55127dda20e6f9efc5b8298beccb336b69d6048d46a8e778d0d8fd5654d7ba4b5b26e47557591e1f10caad029b8eb20002267910015829d96d235dcf3376e9df92487e6c355934bb851ce03fa9ada7fd34ee7c8b888f60ab31bc1787322957aad77fab4b87a88056cbe8cdd7b2560f8a1b202a2e1dc92962aa5477c23f0f5ba5e5ee02e498681b984b39ae071186abf09fbb8c31e2ed326247ec56b7c3b4e953a2ca6c2218d03ccf327b93752e563aa28b31cbf098400865523ff3023d213e70771ce15cca7420d3800024cc9efdd2371162dae769dc73523871f4c5b434f6214cf1f2452952d9b7b1c08045c15f52970ae6904d37186eed93b7693c93635c0ec67c971ca2e2e9949d9f508424502108484084213182108484084210c644c7e3d9484b8f90e652862319f109924f493204f257d98e446a071350971ed6ec12dbe89a6e870b8b7f9b2f2bca9e4e5f2548c72368e66cd8dc47af5fa28788a0246c7983db94ab26d469240b137bed6eff00e173fe91ce16122241047a85cee36b462d5954e3c9fbec0f4dacaafe03839da8385edc8ff0d95cd669bc0fe5d71172492240f66f5f4535e8cdab21398078391de6e67af9af78bc216c0241868b8e76dc2f588d88efeaa4b181d4378753249dccb0fea0cfbab8a0ef4578a8039a44da0eff004fa2b170805a361b7f3d955c4991b5ba72eaacaab3671fc2d27b98889ea4856823d120d40046916b9dc5ceff00485ea96a79d2db0bdff7eb0ab45493a799b4f756f85f0b473bde3af3fe765d1821fb9348b8dc8aec170b61f0cdd4da4da8fdcd4a8d0e713d403668ec12ff001339b50169a6c23a1683fa275cdf3268a6637859b665983be2490344f2dfbcafa0c7f8ed1bb5b3b708713b68c611c34b6ff0ccf3924b6fe76f25739c63b534859a714bd86a134a5a2c45f636e7e6bbe033eaa5a1af6975ace17f74e335d0dc5f65a62b15a6550e3b1d20dd7dc763099f0bbd956e13c755a1dd764a53f435119b83f242e06a38775a6703650d935881a892d61e8d1f311d0936f44bf84aeca585206e55f70a66a3fa5611b82f07cf513f9109b4ea905961c52f0ce69528e3c6ab95d389f32d46652362f328362a93e2b64d58d5c62e655a3682e6c39bb59c2e214be15c9ab3688ad8a73a9b5cd04307cd044cb89f97ca252c700fff00d598526bccb2987d42d3cf48f08ff9169f45ade79500610763bacf9db1d5684fc751c154920579db535d27fe2e0aab161d8502ab5df1291301e04107f0bdbf74fe6acf1541b42b3402d7021ae9047de131e774d957094ab50731cd690f6dec37dc1f306eaafda0692d313aa56af88c3ff64439ce6c12434409248277e5eeaeb861f8fc3d8bb51dc86b83c4796e7d92560b3c2496c99692de9b5b6f44c59797572d6b5e5841991633d8a6d26ac555a366c973015e907c41d9c3a153d2a70ce21d48b85770b89f8861a0c7377298e6ae7febf85ffbf4ff00e4170ca3bd1aa2c90b9d1aed7096b8387506574500084210008421000842f351e1a092600b9286ebb03e557c026f6e8093ec1266738aa6f7eaa7ac93b820c74b730a566dc48492da52003f3733e43a2a3d6ea877f16e4cfd578be67951c9f186ff00ef463927e8f009e5eddf65eaf10363d2fe9fce8bd358e693a9a4cdb6fab4ae6f25a44f323d47f085c71724627d6e3dc3787798fd77d973a2694824169bcdf503bfa85c9f5449b0dcd87a6df45f2dcedfcb05ac723e85c8f98bc29b38439bc88fd46edf551f0367b81fbe0b7dff00cc7b2eb5ab39a416c8fdbb8e9fba2b56a552e66938886b9a2d6ead9fc9689ab169bb21e1a800082648307ac8b152dd51df09a2fa43c81e45a49fe7751f3969a6ed5f75c48691f29e67d7acaed93566b8b83c4b7448ec5b7d5ed23d5545ee84924e8e22b3690352a181137d803f7a7d6de4a0641c5b471159f876b6086ea638fdf23e6001ec011e452cfda2664e7d4d00f85a0481ccf5290457731e1ec716b9a643858823982bd6f130f0a9b3a618e91b2671589b1295f1ce175714e8625f846d6c4b432a1120007516f273dbf75c7a7e493733c79693e171fa2f5f92a08a2bb31a049817d46004fdc2bc341b48170ba52e10a7fd4623c7022239c4cfea00f55acd47fc3a5039059c1a6ed172b11f3ec235b3649399334bb536c46c9bb3dc4124ca60fb3fe1466818caed0e73af45a4486b7fee1077279741e69cf60b485ac060719569077c1735b1bbc864f701c4123c82e1976675708e732ab7fb4f324b4876976daadcbaf905a2f1262a06eb3f382389c453a2ddea3c03d87de3e8d93e8aaa95fb15d96b976515b1fe2610da437a86e3c9a07cc57ccc383f04d3f0ce22abaa740e636fe5a4fe6b50c36129d2a6da74dba58c686b5a3d87a959d67586a7f1fe232c664a8e56fa2a9d58b9925219762db57512c8734cee03b9dbb809df32ce0556d88f395031f94b6b53ef090ab56a985258e2748369e9d95ba87fa215b1a6a627c57329972cce83299738801ad24cf40165ff00f560ed8dfd544cd333a85bf0ee1a7e6ea7b797649e4490dc6cf982c49351cedb5389f733faa74c8b150520e12a1b262ca2a5471fedb0bbb8dbdf6538995346938eaf384ac5ceb7c37924f616fac2cff2bc48744ef6567c4031c70cea6cc33cd37417bda438e90418d2d93161252be5758854dae548514e8d9385730aec00d11ac8ddb7823983d3cd69f80c5b6ad36d46ece13dc7507b82b15e16ce9d49a7491245d6a9c1954bb0f27f1bbeb04fd5619e3fc8717e8be4210b98a042108005f0afaa3e3a8873482e2d1cc831f553274ac05fe2434c9f0fc3279c0f17b8b4765494e2d03acf5f4ecbe6369863dc18fd4de5b5e7b8dd7cc2e208b80db75e736bdfa2f99c9939e56de8e694adecf4f7100807f9304151cd670104c82640dc0f35328d66e932d1f51cd45218410750f283eaaa9f6990c8c6bb4982d179922c64f3e9c97cab8606e1f137875ba4765cea5033e121c0f783f540a4f70d258fb7569df97ff54a6ff9227672cce5bf30dc58c18f29f45129d5048f2d9585263e434bd8d6f36b9c1c083d5975f335cbb0ec712da8e05a3c4d6b753472b12415a6fb42e0ded116ae39d4db046aa6e171e7f84f23dfbae197d170ad4cd325f4dc1cd9e624110e039ed75cf1788a021b351f70790066eadf20ae2935d58d32c66cd124979ec0ec2caa32b669149bf9333ae33c0b857a87bdfb1e8557f04e4a2be3a907b658c26a381d8e8b807b17695a171970f54af54d5c2b4b896873980f88cfdf68fbddc0e89738670d570f51ff00199569ea866a735cd8d41c3723ae92be9b0ca328268e88bf468d99b5a5867baca788a8364c04df8ccecb990eb3c12d78da08ec933347495d6ba115392639b42b82e0343bc2e37913b3add3f75a1331ed7d2203ae0efdbb2cb71ea46579a55a2208d4c2363b8f22a63251636acbecda0981b930b64f84da749b4db66b18d6b7c9a001f92fcfd88ccf56cd77b4ad972bcec6270b4abb772c01e3a54021e3dc155dbd09e85ee26993754fc1755a332a1a8ee5e0799a6f85659f3e494995eb3a93db51a61cc70734f70642a9091b6e6189806d6befb2ccb3baeed67cf926cc267f4f174054611aa3c74c9bb1dcedd3a1e696f35aa24928e1ed0293e99f72ecd74b60a5ce39aed7b5a46fabf4bae38cc7c6d002a8ac5d5ab318646a2d0dff0079027ea94e4b8d0d477634704f091c40151de0a6377449711c9bfba77c4f0ae00b74be938db72f703f4b2bda3846d0a4da6cb358d0d00764af98e3fc4e06763a74c5dd36d53cb7ee88a55b076de8a3cefecf18dfef619ce753025d4cddd0372d237ee375ef2dd2d68d244724e392e3a45d667c4157fa7c6d6a4d30cd41cd1d03da1d1ee4a74a0ed0277a668994e64647554df69dc3c1b4c63693035d20550d1f36ab35f0398363d6474543966765ae0676329bb31cddf8cc254a5419a9e4011200171b93611fa227f2e812ad897c342b38805ba5a799207d2657e8ce19a54d9418c63daf812483373bac3f01c298c60048a6eecda8d253364189ab4cc789b51a76320fa82b39c3947b0e54cd810a064d980ad4c3b670b38742a7ae2aa340421080054d9fba9110f2e9e401223bf452732cd994ad7738ec07ebd129e6399d5a8e973605f48b81f5dd70799e4423171ed99ce6968e35b0e001067f49ff000a139d0797a0bc7a7e6a616b9c2cd04fa98f62b9be8b84ea041f61ec17839296fa399a6fa21ea13f3691deeb9d4aed06ce73bc8000fbaebf087dee77811ffc5c5d4dbca49efb7d161cdfa0afecf6ea8e6dc435a79ee4f61369f451b1989754b926d6d32623f2e8bce24975ddbec3b4741c97cf841865d73c9b378e45dd076dcad14dbd7a0ef48f0c101b50dc89d2dda6ff0031ec0fb9ed2a4e069ea63e79cdf799ff002abf15ae66641e7dba79765eb2bc610ed1c9c6cb684d72a25497443c2e5ee7560c1d47b0e7e415ebb1231048008632d4fd3ef47751335c6063852a4620b75b86e4cdda3fd3bcf55332368d244410623cacba60ab48b5149517383a3a69b099d4c91a86e06fb73e6bbe6f5c62a8bf0f544822cf061cd70d9d1e7faaf74d874f4320fd542cc695e47cdd7db9fa2ed53963571344f899f66b93d7a726a0d716f88cf148e5f11bbc8ea2529e2eb0fc60fbdbd16b27170e718f174b41e44c7e8a838d1e2a9612d6b7fb6040103733eabb7c3f35e597090e392decc971d566c3dd39f02f0a3ab52f8d5c4d324fc361e7060b89fc33365419860c366375b7e118da54d94dbf2b5ad03c80017a515bb3593f425e6f96b69b6cd007280977019e3b0ae740d54dc7c6cda7fd43a387d534f15624124059e66216d27ab252b19ea67942bda9b8ea3b3088779473f44b99ad768eb3d21397d95640d752a9887365cf2e6b49e4c69874772e1f45ef89b87dad248853c9c902546739251af5710c661cb9b51c60104881b92639009f73cc86bb5806a2f205dc40b9eb60a67d97e5ad1571154812d6b1adff00717177fead4f5993da1a41e8a63ad037b305c6e54f07c449fa0f6558669bdae6eed7023cc191f927acfe24d927d5c3baa3c318d2e7b8c35a04927b04a71a291b63f36657a0dad4ccb1ed9b723f787983212763ab8d4574c838671785a2e156a35baaff000be6827a90601f294b99e1acc265a23a83b7bad632a8d93ee8b8c3678299b9e7000b924ec00eaa1679c258fc5567e21b4b4b5d1a439cd6986b43458f94a70fb3de17a74e9b7135c6aaee1a9a0ed4da6e207e288ba61ce7145cd7319722fcf6e6a652e5d8d2de8c65fc3b8ba2f68c45375361377d8b7c8385a4f44fd96bdada61adb340b01faf55d7038caba0b48f8cdd9cd75c16f6beea93195461eb3a8824b1c1b52993be87ec0f7171e89c7e2e84f63061f1a49d24c03694d630861a675da1aefbcd3f849e6d3f42b3466322084f1c3f9a1706b222c39cc99dc7d2c965bf438a5436704e20b8d5e963ebcd352a7e1bcb3e0b1d362f7131d04981f5570b8a6d3968a5d021085233c0a2d170d1ec179ad44381ebb4da4792ea852e29ea8084ccb98d66867867723e6f75c1d91d18f102e03abadec202b442ce5e3e26edc505233ccd850f89fd8274817332d9ec4aad3cba7b95a3e3729a550789a27a8b148998d06b1ee6b492d06279ff00257ce79fe34b0cf93aa6f546338d6c855c869f080e8e6797937cfaa81529de6f37efeaac4b499b4288f66a2437717e900739e8b91bb3092b21d2a84b835b792075fa2ee74537e9643ea0d40b8fca0c182c1d679af94ea01a832ee362fec770d1cb6dd47d3044ad54f86bd92b470accdbd76dd34e099a4f63041ea4813f9a586b6266fd15f6578d22a6898000ff00d444fa9eeba304bd9ac56863a62c46fe8b963cda08e5fc95e1b88f093ce1417627508f75e839aa2df45666140ead23625a09fd7b85c388b23acdc39b07e833a9b7b73b6f3f45674ea006ed91b5cee39a686907c93f0b145cf9fb45422bb3f3be6324dd3ae4bc402a61da5d3a98031dbefb37dc04d39ef0361eb92e6cd371df4ec4f91fd12eb3ecf5d4dda9b55de40000f9af7a399234e1651e635f5194b598524f39af0f566dd94f58e80807d8a5cab93e24baf45cd68f9898db9adbf72325a62e2d6875fb3dc635b82a201bea7b4f63a898f6328e2ac4488097784b14281731f6639c0cfe1741f1796caef3765a666762363eaaa0ac893a641e01c7369e22a52798155a3493f8d9240f50e3ecaf33ac5ee0f248b8ca64196c820c823911b195714f37fea28b9f5c1fed96b5f518241d5305cd1e5122d74ff10ab29b3570329a7ecbf286b18fc539a0d4792c65be560f988eee36f26a5dc59a47c41ed80001008b0da401bf74f1c238a61c13347dc2f69e467513f914a5b2bae8fb9f56d2092b38cff141ec3a532715e2def746c025638625a42393e87c57635e57c45ae9820c585bd17839c541ada0fce34bbbb4912d3d8a48657344c1362ac30b8e93cd3d3d3256ba347e10640252b7da1e9feb18d65b453bc777123f5f757393666c630c384c6d372b36e27a3886620d6a8e335897070902df77d04227f1d8a3b6336068171165a5f0265cc3546a70d4d1ab4f358e64b8caa480e7bbf29f65ab705f85f4dc37d407ee89bb83a0a7cb66a8be842179c6a08421000842100084210079a930637831e7c966b85a38a9ac71349cc0dd2038905af7132e2dedfe56964a4ee26cd595435b49d201b9e53b47e6bccfd523078ae5dfa094aa0d5140cad1dfbfeea1621f366cc1f9ad049bef1cbb2b3183306db72eaa13e99e9fe17cfcb9455338da745752a705de43f30bd5466c4cff003aaef4b0e5c61a093bdba0521d83769d70740313bdd42b932145a4554824efb982bd0743b51dfaf95a559e1f2a2fa6fa80c69eb607a8f45019852f881bbb48b449b12475175d108c96abb358a745c3311e01dc1b79fe9d971638cc813d4750bc66b445073402608b1f2111fceaa465b4dce6b5f1209e76b09baee8a9b7c6b65716dd125b8763990791b116856585a9a5a1b33000f6559468e810093726fdccaed4cbba2f530478aeb6754634a8b6f8c1792f951695271e4a7d1c215d48647753951ab65a1dc95eb308ba7f4aaa82d98b711652ec3d47020e93769e447ee97aa635ecf95e476e5ec6cbf41633296556e9a8c0e69e447e5d129e3feccf0ef32d2f6f699fcd74acda2147663788af56a402e73a79753d206eb50e0acbd9430a69556871ab26a34ed7b069f21f5255a60b8069d232dbbbf11b9f4e8ac19c3fa79ace7939691714909b99f0335ee9a154347e170dbfdc37f513e6acb857822a51d7f12bb4b5e3e4683f309d2ed47689e89a1981d2a5d169092c9240d262067791d5a661f046e0c8ba5bc5d4a74da75b85bee882efa2d773ccb1d5e980d8d4d3cc4823982b2de24e1e34ea171639b6b88b4dc48ecbae195497d9838d3d8a184c23f12f3574c3261a37dafeeae5f94360754c1c1185a70fa04ddc75b246e76737f23eeacb1f91104a6a81cbd0b39761437c236956bc69831572e9d3e3a658e69ff7069fa12b80018ebdff0024cb95d06623e1d0737536a39ba87468327f9d954ab893be465f96512d8ea16b1f66b97d5a8f151c229b2f3d5dd0265c37d9e6058ed5f0dceece71213461e8358d0d63435a3600401e8b92597548d8e884216000842f25c819e9084204084210005713856133a1b3d604aec852e29f680e188c2b5edd276ed65c2b658c34cd3680d079817f3f35390a658a12ed015784caa9d21e06dcee4ee546cc72fd748d20034188b584106caf617c2c0a3fc7871e35a0fa162be55fd9f82cb080df43f31f35ed994b416c344b46907980627f2098be18e8be860447c782775f414856cdb858d70c05fa435d26d248820807979ab1664600004000000792ba42b58a29da4054b7246aecccada1582169486446e05a1746e1805dd0811cc510befc30bda1007834c2f2692ea84c6707505c9d865310802bce1179fe9558c20b501657b6942f4e68221c010445d4cd0be7c24019571170f1a4f2e0086ccb1c397413c88507feb15808a90f1d7677bed3e8b5fab850e10e0083c8dc2a5c4707e1dc674c791b7b2d9662789928c417785ac93cb9fd1699c0d903a90f8d5443c8f083b81cc9eeae72de1ea144cb1827a9b956ea6595b543e2810842c80108420017c85f508004210800421080042108004210800421080042108004210800421080042108004210800421080042108004210800421080042108004210800421080042108004210803ffd9	10
10	\\xffd8ffe000104a46494600010100000100010000ffdb00840009060713121215121213161615161515151615151817161516151515161615151515191d2820181a251d151521312125292b2e2e2e171f3338332d37282d2e2b010a0a0a0e0d0e1810101b2d1d1d252d2d2d2d2f2b2f2b2d2d2d2d2b2d2d2d2d2d2d2e2d2d2d2d2d2d2b2d2d2d2d2d2d2d2d2d2d2d2d2b2d2d2d2d2d2d2b2d2d2dffc0001108008b016a03012200021101031101ffc4001b00000203010101000000000000000000000304010205000607ffc4004c10000102030208080b030b040301000000010002030411122105133141516181910622527192a1d1e1143253627293b1c1d2e2f04263a3163343546473828394a2f1152374b20744c224ffc4001a010101010101010100000000000000000000010203040506ffc4002d110002020103020308020300000000000000010211030412213141135161051432527181a1d142b1222391ffda000c03010002110311003f00f896fdca69cfb95e9e929a7a4b44074e7dcba9acee44e92ea7a480a5359dcba9cfb9129e92ea7a480a6fdcbb7ee57a7a4ba9e920294e7dcba9cfb9129e92ea7a480a539f72ea73ee57a7a4ba9e9280a6d3b975359dcaf4f49753d25414a6b3b94ed3b95e9e92ea7a680a6d3b97535bb72bd3d3fadaa69e9a0074f4b72ea6b76e4403d3fadabacfa7f5b5003a6b76e5d4d6edc8b4f4feb6aeb3e9fd6d400e9addb97535bb72259f4feb6a9b3a9ff5b5002a6b76e534d6edc8cc656eabb78ed4c36489ceedf440234d6edca69addb938e95a6571e92116b794ede800535bb729a6b76e08d56729ff005b54d59ca7efef5000a6b76e5d675bb72d19094119e18c73c93af20ce495af35c1f850bf3930e61a5685d53cf402ab8e4cf083dadf3e4b934a2df2797b3addb94d9d6edcb55d2903eccd7483dbd74428926e17b4b9e3950dcd78ea351b56a3922fd3ebc7f61c599d4d6edcb88d6edc9ac59d117abb554b0e889d5daba1917a6b76e514d6edc982c3a227576aa16fef3eb6a003b5db976d76e45a7a7f5b5411e9fd6d5403daedca36bb72253d3fadaa29e9fd6d40536bb72edaedcaf4f4feb6aee9a0074d6772eda772bd3d25d4f49015b2743b7aeb2743b7ab62f537a4a6c79ade9202b60e876f5360e876f5363cd6f49762fcd6f4901160e876f5d60e876f56c5f9ade929c5f9ade9202960e876f538b3a1dbd5b17e6b7a4bb15e6b7a680ae2ce876fef5d8b3a1dbd5b17e6b7a6a715e6b7a6a8298b3a1dbfbd762cf25dbfbd5f15e6b7a6a715e6b7a6a0298b3c976fef538b3c97f4bbd5f13e6b7a6bb13e6b7a6a8298b3c97f4bbd4e28f25fd2ef57c4f9ade9a9107cd6f4fb9003c51e4bfa5debb14792fe977a2e27cc6f4fb97627cd6f4fb9003c51e4bfa5debb14792fdfde898af31bd3ee428ce6b72b06c793ee5012619e4bfa5de82e8cdcd6abe92044895d4342aa965a0a660e6bb7d7794f4ac8545a8a4d3456fdaa25258338cff1b30d1cfad4c79a2500d3a61ac14600129166c9ce9573d54b9004744542e55aae405aaa42809ec0d838cc466426fda3c63a1a3c6256652514dbe882567aee09c9897957cd3c5ee1685746486dda4f5af253f305ef739c6a49a93ad7b6e1ccd35ad85290f4631c066b8886ddc1c772c6e0c601979c21a623e1bcd6c8b8834d069f545e0c12508bcf3eb2fc2ec8eb257fe2bb1e6ad2e69beb90e9171de17d1309ff00e2f6c36173671a354469f685e170ae088b2e45ba169346bd86ad34cd5cc7515ea86a31cdd27c987068e111cecae2eda5aed8e1976ab36182680452ecedb54236137f3848c27ad6918cc7d1913f85c2e734e907dcbb5791900e957722374876a13a5ddc88bd2ef5a73383b14435cc0fb478912d1635da8dc6cbf56e408925f74cf5ddcad810300f26274bbd54c23c989d2ef4d3a5beedbeb7b90dd2fe637d6772a417c51e4bf7f7a8c51e4bf7f7a3181e637d6772a985e637a7dc80162cf25fbfbd462cf25fbfbd10c2f35bd3ee518af35bd3405316743f7f7a8b0743f7f7ab987e6b7a6a317e6b7a4a822ed30f71ed5376987b8f6a287f9ff867b14dbf3ff0cf6200376987b8f6a9bb4c2dc7b51c3fcffc33d8a43fcffc33d8840176985b8f6a91674c2dc7b51edf9ff847b14dbf3ff08f62145f8ba616e3daa78ba6175f6a66dfde7e11ec5d6fef3f08fc28416e2e983d7daa406e983b8f6a66dfde7e11f85583fef3f04fc2851501ba60f5f6a9a374c1ebed4d87fde7e09f85310e5dee169af046b841bed0b329c62adba09599b46e983d7daba8dd303afb56a99471179dc003d4105f281707aa87637e1b120c1f73b8f6aa9a72619e66bbb536e970ab890a7bc58d82ad233b194d43bd19861e7860ee4664b57327604837ed1a732e5933f9b34a2250e2421ffaec3ce8f0e38373256113e85a2b6a5e52001e2173b3175e37238875b8b9c0680431bb9807b578dea22fcff274516633a1c619614085cec84c3fdc2a83e0768df15ae3a214373cf535a3ad7a1852d0db918dae9a54ef754a604c5322c7bd25f0a2ecbea79c87c1e73f232313aec43f6da29f97e04c4766633d3885c7735a16a19c7e64785273313202069771475dfd4a3d6667d290f0e2250b8074f1a6610d4181dff6577f0325fed476ec6426fb96bb3833129589169a9a09eb34f62046c150d994bddce40f60496a727790d8bc8cf6704e40658ae3b59f0a619c1cc1632bdc7f8bb1aa8e870c7d8de49f695d08309a060dcb3ef33f365da8721604c1032d7693d89a832d83210ac37d0de480fa5d9b28bee4592c12d77d86ee09aff468072b46c6f72c4f51c54dff00d2a8f91f2b9cc221d1df1df6af712da50d1a0596b4daf3688d2536e0db301d8b395af7385a6f31632edebdb610e0db5dc56814a9c8299eeeaa2bf07f80b05ae2f88ea6817dfa4e45e98fb430c96deeba7430f14ba9f3e9d87347c79973ff009cf7fbd24e8b1b166139ce732d0750da3470ce2abee638212c7ed8fad887138172fe55839cb56e3ad7f2a7f744f0fd4f82e29da0ee28cc6b81ad0ee2bed51381b03cbc1dae68f7aca6e048557d4b031a6e7973007e92c16ad6da2dbf68d7583fc13c2f53c9e069b6c4618314558ecda0e623411a52e2438d1215884e730836ded26d31c2ad71b245f98af6cee0bc222a1ecf58df655251383d6492c8a2a4509a8712330ae5a2c4fda98eba34fd4ab033c54486ce549f5fc4977b19a65b657e25ea273064c30714b08af218e3d6165cc38b4d1d15a0e8f06269cf4690bdf87538f2aff1672941c7a98ce6b74cbfd6d4321ba607d6d5a2f89f7a3fa777c280f89f783d4bbe15e830264374c1fadaaa6ce983f5b534e89f783d49ec54313cff00c23d8a8173674c2fadaa38ba617d6d472ff3ff0008f628b7e7fe19ec405c579517a2d5700f2a2f45a8a25cf223f4fbd11b2cef2731d3f99500403ca8dd06ab007951ba0d476cabbc9ccf4fe657128ef2733d3f99082f43ca8dd0629a1e547e83132255de4a6bd67ccac251de4a6bd67cc805457951fa0c5601dca8fead89a6c93bc94dfacf9915920ff2537eb3e64026d6bb9531ead8890af7b61e3630738d1b6990c0a9c809ccb419835fe4277d6fcc99c0f3461b9d744c58851dcf63e914ba340786b7195ad0b03d86d0c8166575c7528dc96032d1feebdced83dc07b1331645a3ecbbeb982f3137c2099218dc7d96d969ab5ad24dab6e3579049a52c8ebceb2dd84629a5666254d8ce680baf766cc2e5f21e873cddce7c9e85922ba23d6c5966d694a6b24803594a16c2ad40b60806ee2d039a4875483783405bcf5a25f81f856d4430e339d103871413e290ea0392fa85833d869f19c5c1e58d2ea3583ecb6b7548179a2b8b4d252941f3d39fa91cd5266d3a06a1b8762ef071a3a979a7cc1e31b6ecb65bc676d726a460ba2bdcd6c50d0d68358914c369d769c45328b977f757f319dfe86f3618d08ac685832b14c188e115f8c0c86e26c3ed34b8b690e8ebc5ce737a25663b0946cf162749c165e8e5f317c43dcb213b41a69370de6e4233b081a18ad2792cac476e602bc94b436bd8e7b8bdcea8009692c02f26af2680f3af63c25c211203a13214412f0dad616c461a97d61b1c1ce10ea686a4de2faab1f67c7ac99979bb244599877e6652339bcb8a312dfeeccb9d2f1c1022c69497adc2d440f757981a675e96630f4942c205f330c1b38b3e302d6be82dbdac736ade313c5cd42bc4e1e958a665d0db2ae8c2dbac16db2c731e6adb25a05c6e36ab78217a568f0c574b31e2c99e8e664bc0c864c6110c8941c58501c5e6a2ebf146b5e749c6c3f1e1ba9063447683121c26d7f84d1dd483c23c242344b2fabe23032131ad687308850db0dceb46d3892f69a0b245056b7abcae03b2cc7cd96c084328bb18ff35ad6f8b5d42d1ae65cf2c304397157f4e4dc5cd8fe09e154eb8b8c510716dfd259343a40a3af39aece891b85809a586b8ea0476af238630d63486c36d884db98c1a05c0ba99e9b06649c28c4034379cfa1791e9f7bbaaf43a6fa3d7611e14cbc36f1c073f90d1939cddd67624b06f0ce5ad8b706cebbc75827d8b0060071bdcc22b7f19cc638d7380f2094a4f6027b3c50ead2a58e043e9ca6f286b0bbaf67e34b9bb31e2b3edb2f8560c48769afa369731a2a7f88dc29cc4ac19164cc4bcce90792c631ad1a85d5de57ce3833861d0ce2c9e29c9ab52d58b84dec88436216037dc09cb96a6d8cfa97cd9e87229c926bd1b57fb3b2caa91eebfd323927ff00db172e9a661a141c0114e59c8a79dceed5e560f08cb6bc6273d4e5563c2a7695e5969b569f0ff08da9c0f4aee0b572cc38f3dfef55fc9067953b979bfcaa7e9543c297e953ddb59f30df8fc8f4ff00924cf2a77213782109a6d070b55ad682bb3b579dfca77e953f948fd2aad3eb17f21bf1f91e91dc1867945a5823833281c0c6b6f1a1a69f4178bfca27505f9cfb93f25c21273ac4b0eaa3cd954a0cf6f3dc1280e05d2d470cb66f0f1b0de762f9e61f80e824ba197348d06a695bc00ea85af84385d88876ab7e6e7d2bc8c7e12199a87f8d79bc52abd3a4c79f778954bebfd189b8f4198cf71fd24ded83092911cee5cc7aa869d906be24304366de4120ba1c62195ca0005d75c45ca1f2aff253bb62fccbf47176acf1b331ee3cb8feae1a1171e546e8313f125dfe4e6f6c4f9908cbbbc9cd7acf996c09389e546e83156a79517a0c4dba0bb9133d3f995312ee44cf4fbd0166c9fdc0f5df2a23648f901ebfe54bb5b0fc9cb6d883b511ac87e4e57d677aa4181207f571ebfe557183cfeaedfea3e5426b2179393f5a3b55c4385e4a4bd68ed4010487eccdfea3e5561834feacdfea47c2a8190bc948fad1f122361c1f2721b630f89004660b3fab33faa1f0a621e08fd921ff00563e042870e0793c1bb630f8932c852fe4f056d8df328508dc1b0985a62cbc386d2e0db62671b439402c0d171a655ad0704980e0e8314b6192e2f6d1a410f14771e968822ea1242c1c2106090d6b1b20d25d9659f6a25c0dc6f3406bd4903331a055a1ee0dd15e2ee372f93acf11e5ff005cf6f1d0ed8f6ede51b3ff0091305c33198e805828c6b5c3c50695f17352f3a2abc43a4620fb27ece420e4b8e42b4ce158a2e111d4d15246c06e085fea51348dac61f6b577c129420a2f9a24a9bb2980e0c48714442d3469beeadd681cdccb3e3c839ae200a80e34a5f70340b59985a20c85a3f970fe1437ce175ee6c33fca85f0adac8d49c895c5195e06fe49cbccbbc11d7d6c8e770f71aad76451c987eae1fc2b4e4a748ccd1ccd60f60496a2bb05030192556d1b570ad5c5a0e6b854e602a77a660c00dcbb97b591992f22ae3beea1b88232107415bb25c1e9337ba1336927da57cccded38c7e34ced1c2df43e6f2f34613adc27186f175a6d2f1a1ed228f6ea7021331384532e2298816400da4bc225b4350596c3acdf985005f516c960f843f3307a2d27ad56678412b02e6c26b740b21bee5ce1ed57558e2d95e05dcf933704478ce738c38911cf352e30eb53a6b66ecab665383f396032915ace43a2b8307f2ed53a97ab9ae1d37ecb5663f864e71c8b32d6eb27f0c6bea558f1aee22dc1f1259a480c6f30ff000bca6179c8915f588f2e23203900d43205ee26f09988c350bc4e1265e576d14e5293735c99c8976336ab56566bc14438e035eec600f6b85716da0228325a20d6b9aecf559b040b5539002e3ac34569b694da850e29a92ea522020d7954a834e75f631aee7062f849a0457d0920b8b8137921d78a9394df956e705a3b590e33e3971810d9c56034263bae8661935b245e4919b2d45cb0882e2c00126c8141972903dcb4e0c00690dc6906092f8ae191d133b4693f646d5d0c9187648c373628040706bf252a1c2d35f4cd517119887044710f2d25d66ecb42473102f558b841d318d0fe768e4b681a1a3730ec3a52b05d568e65cb22e8cd20a5d4cf5d6156da82c2bb16573e0a583d75a50211538a2a70090e560f55108ab3609268a700b98993eb5a665a2de92705785128b328da2d8fbdec25f162dec862e19cbae176f1d691c2a187fdd877161bc1a56cda2d06e001c9a33e7438cdb5080ade5f523390065d85ebb064a448ee7d81c46c3707bdc406b450d9ab8dd68bb20ca4af5c22a315130ddbb35f00cbe31af3896c4e3e5746c511500d29435e74e4590fd95bfd557ff9589825ec10f8cc977127f4cea380a0c82a2e4c1890bc949f48fc4b515488c6df25fb337fa8f9509d25fb38fea3e54a9743f2729d23f12a9743f272bd2f996cc8c3a53f671ebfe543f05fb81ebbe540261f225ba5deab587c897e9f7a017131fb9dc7b55c4dfee771f8967f1b56e5601dab72594d0139fb8dc7e25613bfb8e89f8967063f56e57109fab7258341b3ff00f1fa27e2576e11ff008dd13f12ce1022691b95c4ac5d2ddddc960d46614ff8bd03f12659863fe1ed61f896336463696eeee456e0e8da59bbb900ee109b116c976208654d20b6c939f8d79ae41d68b6daf6d21c424721c6a47356f1b2e490c1d15a1ce716914c8050fb166be19add957972e3df3eb46e2e91b32d020d9ac58c186a6ea389a69b82206497eb3f86fec5933f0c86df5cc2bdfb12021ae51c1bb9dcff001fa34e55d8f4ae85279a687ab7f6203d903ecc769d847b42c13097084b6b4d5fc9fe3f44dfe86d8b399ed3b53109c3fc2f3621ab35a4528699325c8f4f7dc6f3e8d2d2ae6c1c736f14ddceba0c68a5b69ef2c07237ed11a699b6ac7e0d61b8a21bd80d5c05483f69a0f8dce326d0ab1b0ab8935b8e9cbed5f29e9e6a728ca9fe8efb95267a2184d8d6868867250bad39af76925e1d5bf40a0d494332c37b659875b817efaaf151f0acc024188473003d8127166a23bc67bcf3b89f6af6c3452ae64737911ee6670d0842f8705ba831b6cf30f7958b070f458b180218e6935732c3681832d1c05a69d6085e6acad8c00cb2d8b1353218fe275b3d50fad75f0238e0df5667736cf69301a5ad2cf15cd0e15cb4398eb06a362f398558b6b04c6b5008cec7386c771c75972c7c2a6f5f3f02db91c4eb2e518710d1aff440def6a51d5370cdc6235e4ad13cc7b4175b69736c934175685a47b1330a6624569b2c64280ce3b8b5a01bb307d2a5d7d2ed2becc3a1e7657c14436b623adffb8d3603465a9a3834e406b6856fc86eb91e7d8d749b5c1a1b4b25a064153437e7396a51593315901917c765b881d069742b66cd58ebefb85e45d6865b45584c5b86e7c2c5c6a0a98316131b11a06a6d2d81a413cc126aea845f99e6e4de43f9c11fda5390028b50dc49b18b70be83c5cf98e4466436d2f276003aeaa64e810e4173697abba33348493250bbc563ced1f0a720e0088efd181e938fba8bc9258d7c523a2b6419c863384374fc35a50f83207e722c2675ff00d8a2b706c8b3c79a69d4db03d8172f170f6b7f44ff0046b6c8c3761069c8095cc98756a18edb72dff0ec190f3bde7f8c8f70417f09a49bf9b95a9d2437fcaab237f0e397df82579b4609a9cb646d07d9550fa0078c321c80fbc2d299e15b8dcd80d60d7fe162cd4cdba9baa7305e9829bf8a35f7b30ebb0f4800e0d05b5003c8a0a9b56451ba2fd7a14cbe1280d0016447d920b2192d87043b25a73455ce2359a9d28183596a82a682d569e734807786a1c0a38e415ae5fedde096af518070a35052adcfe30a9f6ab198d6cdddeaf1306c51a105d2b1068dcb442de11ad9bbbd77846b66eef42309fa950b5dab72018c7eb66eef51e11ae1eeef4b9b5ab728b4752581b055815002b82a90b379bda8ac0742103ad5c3b5fb500cb01d08cd887524dae56110203459174a621b869590d8f4506695b06fc59b6b1b56b444390b49a36872d5656147b6958305d5cf91c073532eda24dd3074ae84fd27a9729e28ce4a4fa9a526950538561bc5262010ee5b1c413aec3ea3710836658e48af6fa70c1eb6929b1307493d2a75149ccc502fc6c33e6ba1b49de18567c14ba705dd6462211c9310f6888d3ec5532adcd1609fe2235e429333da61423fc34ffa90abe14ccf059b0c41ff00d26d7e62c77c1872e1fac6ae32a29e3c31fcc0850c4123c415d4e77bca71d3a48a10683271a977455d92f31688c1f11b0a2b62631a6c9bdadb4e2e07c66dc2978a85a85d0a609c587437e66bf23bd17d00aea34591e15a9db1ff00228333a9dd31f02e73d3a93bb76553a2d84245ed347b4822ec891304e839b32d885c2088d6d919064b4e2fdd5141b177e5245f376507b1a918e55c701b898ed967137349d402d930f1305908dcfa988f19c175035a7410d6d699ad1418b87e2b852d380d512201b810b3dd1f9bfbbb55709c9531691e8f014cd318dd2d076b4d3d8e3b92d3e6a563c299b26ad347508a8073f394133b10e571ea5c3dd5a9ee46b7f141ed86bc137806f1a8dc503084f4479b0e340d37345cde7a67566df94d79d73a1078a6478b857210331d6bd71548e6696059d86d821b10dc63398f03c9c686dabbf85f0a1b86b6acd9a792fb2ccaca8a8bae68a541d172a980eb0f26e21cdba94adc72513912578c5b4a026ae39dda8725bad28b60e139c5b5752a40a1a50d0d40aff72b978d295c231c1365a6e194e9392ed000a01a8252d238a7d4966a366dc3f4ce1e88a7bd0dd141f1a2c53cee2b38951691462bb0b66ab61c0396a759253506140a78a36d4fb560da576c5234ada64a3d4407c11918ce88ec4d363329c57379a94f72f22260e9288c9a72d6e251a9c21836808808366e2068390fd69584d29f74e9b340054e7bfd99124e82752c32a1a95990c75731ca398823ac0dcb4b82d205ef342091c6bf201a49d7a3b0ac2305c3282b57036107c33668db272f14579ed0bced4419e9272588cccd8564cc021391e65a731ddd84159f15cd3a7eb6adb20a45ae84bbda7423bc8407a800b82a2293ad51428e0705350816975a54830a41096b6bada01aa85c5c95b6a0c44030e2108942b6a414059118d77d157861390e1859dd45a3366a23867dc902b7266103992be0a3428e40cc5cb51b24d46660961cf4dbdcb3b914c669a26db1ea16a370034fdb3b285199c18a8ba26f03b54f162bb8a308c4d6aa62adc89c138bf65c1db29ef59b31826230d1c28b4b245f46285318a0b95dd2e468432c2b56426d2ada51450960b55755554a02c2210b9d1495452a14661e107814b88d054479e7bf29d82edfa76a006aea2b40a81557104e857850495bb8370717651bd739cd455952b307c19cb84b3b42f7f29c1f0ea0b35272673b02f423ff001dc415aba08a79e49dc1abccb55bbe146b651f216c9bb422b30738e65f5a77025ad157c568d4d613d6e22e5993783214334692ed24d05fcc11ea1f90da78185829c5370b0295e95e1a3200858f4f126c5232e16056e74fff00a4b00c88a2614be64514a9b1c191e02584d0dc731c8aa255b519b99311e324e2c55eb836619ae3070736a1dbea908d838672762981394194f321c79cae73b57532271a5c0ce76a55ec08f122a59ee4050b428a0505cab550a412bad2aaa94204b4a2d2192a1004b4bada1a8050050e4463d01a111a8076094e31c91868ed2b0ca82b9543028aab050a3305a066de9a6009186538c58680fc26b4e95a72f05b4ad36d7dcb3e585f45ad2eda80b84a366d19b33099f5459f1e5afa8245c6b7a7e647188436b0106a3eaa1612a2d996f9269a56fd193fca567703398685a5b9c572d0ea5ed61cb3041b4051da52ee607c37170a91909cbbd76848c33c1bf0794274815bb1f3a5dbd8bd28c3320c895de0456b44096aad50b14f00d68a240673b93654630fd00ad005e04da675464a0aa66d5c8b045c79900f60fc1ad201bc8cf43dc57a490c1b0cf8a5e351a1bf564585828d0b69a405e9e49a2dd35af2e7e4dc0f59c17966b2144b35c6037b8b4834370038d7643bd66cccd39af26d0241bb9b4af47c1fbc4519a8df7af33c26606d436ee37bb4ae1e1ada8d5f265cd61d75ed37e5a1171ef0b167262f3435faca9498886d1bf3a038ae9182167448a82622ab8aa397548c861114ba225c29568028efd2952ebd1237bd2eb688c3875c86f72a155705d0c90f72038ab3d08a14871555c555407fffd9	11
19	\\xffd8ffe000104a46494600010100000100010000ffdb00840009060713131215121312161615151617171518151815151617151815181716171515181d2820181a251b171522312225292b2e2e2e171f3338332c37282d2e2b010a0a0a0e0d0e1a10101a2d261f252d2d2d2d2d2d2d2d2d2d2d2d2d2d2d2d2d2d2d2d2d2d2d2d2d2d2d2d2d2d2d2d2d2d2d2d2d2d2d2d2d2d2d2d2d2d2d2d2d2dffc000110800e400dd03012200021101031101ffc4001c0000010501010100000000000000000000000203040506070108ffc4004310000103020305040704080407000000000100021103210431410512516171068191a1071322b1c1d1f0325292e114152342627282f143b2c2e2243453637393a2ffc4001a010002030101000000000000000000000000020103040506ffc400301100020201030301070207010000000000000102110304122105314151131422326181a1429115232471c1d1f006ffda000c03010002110311003f00ee2842100084210008421000842100084210008421000842100084210008421000842100084210008421000842100084210008421000842100084210008428f8bc6b29897b80e5993d00ba86d256c98c5c9d244842c96d1ed9b5b6606379d57807ff0058bf9acced0eda3dc603deee1ba7d537c43492b2cf5905c4537ff7d4e8e1e959f2735474fad5d8c12f735a3f8881ef506a6dfc2b73af4edf75c1dfe595c82a6d07bdd2fdc13a912639b8c26316e903d5999377027ed7dd20dda623c527bd4dfe9a3a30e8705f34dfd91d5ea76d7040c7ae27a32a1ff4a6876f303ff588eaca9f25ca68b811048246994f1078111322cbcc3e1fd63c4da4c5fc6fdc4a8f799fd0b7f8369d2ef2fdd7fa2f7b41db8ad4f12fa8d7b9f41c4ee06b8d32d66e000b03ac660982265da2dbfa3ded37e9b846d57cb5dbef67b6592f0d3670022d06321769ea790f6d284ba9d260bbb7183a98015a53d811bb4dae23720483ec86819ff313cf55561d435f1bf2665d3e19938dd25e68ee60a1713a35ebd3834ab541d1ee24dcc92dfab464b41b17b618c718735a583f79c2e7cfe2b4c75717dd14e5e8d960ae324ff074c42cf61bb5548d9ee603ac387f6f356f86da14ea7d9783deb44671976672e783243e644a42109ca810842001084200108420010842001084200122ad40d05ce200024926001c4948c5e299498ea8f706b5a2493c1725ed476a6ae29c43016d107d96f1e6ee2ef769c5539732c68dda1d064d54a970977668bb43e909ad966186f7f1bac3fa4667ad960719b52b5624bdee3398c81ee19f52983462e46f45dd1a0e6720a3fac9cbc573a591e476cf67a5d060d3c6a0befe45d263788079c8cfcaca661247da1ecc9831c8647c142240cefd0c4f7e9dc97bd2400008bcc933d4b8c0f05165f3858fe3a85479de0d3195ac08fe9d543c0bf72a022c0661c0902f69004f87e4a71dacd6c08e47764dc6bbd3af4d50dc650a864d4f56fc892d307f98837fc94db334a125e003e7da6cde662f2099cc67a2d06cfc317b66f3ecc1d64584f72aec3329695a99b8261cd8f03073f72d3609f4f76d51bccc8ccfb962cb3c9b9527dcc7a8c8e2b8467767d0f5db529870914f7df1fcad207ff442ddd3d8ec6e799cf80066dcf3d565bb3068d2c556ab5aab1bec436fc5d2ecbf9478abcdafdacc3069dca81c748923fbf5562b71a4731473396d827fb10b6cd568fd9d20d6c987bc8f268d4f355671d876923d5fac3c4891f86c0772aec663aa5400b29fb339b8993399ce428f85c386fda037b48988eeb2be10da8ece3d3a8c6a4ff25dbf6d96d9b428c1e45a63848217aced4536e740b5dfc2e6c789baacc6b5db9be208892246f0d3239f72a4657bcfb3c60891d2f656c652225a4c535dbf2cde6caedcbda72df67dd7101f1fc2722794f72ddec6db54712cdea4e98b39a6ce69fe26ae074e743dc75567b1f6bd4a35054638b5c38ea356b86ad2b4e3cad7738face9b0ab870cef48557d9ddb6cc552df6d9c2cf6ead77c4702ad16a4ece04a2e2e982108524021084002108400210b27e9176e1c3d0149862ad79688cdac1f6dc39dc01d7925949455b2ec18659b22c71eecc8f6fbb49fa4553429bbf654c9cbf7de3371e4321de782ced1706373bded9b40233ea9a6b6d0d1c6e7dde086b01b666c1a2f79e3c23e3c9722727376cf7fa7d3c3062508f64345fbc48bc6bcf991aa9ecc39203594c002f7125dcde75e4324fe1f6710378e7d14da54492274102068a6827957833efc3da24671d23593a27311873f66248d01063a9162af5d80b8b08facd36dd98ec8236b21678fa9415b09024e67a440173f59a6bf432321a69cc447cd6b69ec923ed5c274e006503c13a4c47aa898f7ec68394e44c1045c4c053e96c49c845b9e719f55a666044e414e661c6f72e8070d13a56513d599076c620c0136d39a7a9ec92d006ec4e56cfbd6ddb44106df041a0208378cbbff00ba6d8657ad7e866e8600642440b83af42a0edbc2b5a0119817191ea633575b50eedfc39ac7e276c4b89233d733dde254345d8a5293b186e29cdb1b8f38d4276b61c39bbcd83336e638751dff001486b5d90e3cb9a8c6bc0ce008916196522209e6951ae4f81b79cb5e04e7de8f5d33c40cc7e6bd6bda4124f5e3dca355719be761d40103ca1588c997b1a7ecb6dc7e1eab5ede8e136737ee9e7c3815daf09896d4636a30cb5c010791f8af9be9d4208f25d6bd18ed9df6ba8b8f17b7afef8f307bdcb4639783ceebf0fea46f10842bce58210840021084002e31db9da1ebb1950cfb2cfd933a349df3deedeee85d736ae2fd551a957ee31ceef0091e6b82bdfa9bce675e67bcac9ab970a27a3ffcf60b9cb2bf1c2fb8ebc96c822201b1cc48d7eb453762506937cc471f8281883ecef13ed3899e59413d64f8291b3b18d1113372eca264401f3e7e38a28f4d92dc783634e9fb21b023a25b30e3828db3f1a0889fb4215ae1a9de3c15d1e4e1e57285d8c370d2a661e8ff00752194529ac856a898e795be08eea6232bf3487d016b697eaa7b6925b6826da57ed68a4752e0920156f5e806f455b5abb5a2244a571a344326fec37fa66e8e699763809e1aacfed6da2261a41e1c567b6862ea0b6f9be62eabb37c3497cb2f7b41b501b34836b6a566c5433205c28adc4122374ef4e73688e119f7a5d07e639c7c506b58d46348705481ee48ac77afe28ae6ff005aa43dc2071bcdb220f9d902b9714365e640ca2d6b71b9e77cf92f2b5626e4cdbebaa68b0936b982600d0493e42579bc20f1b470e73c3456519272f03cd710798e075e442d0f6436a1a35d8f1a384f4c88ef048ef5972e52707521c0f029d1ced4534d1f4cb5d2246457aaa3b278cf5b84a4ed43774f56dbe015bad29da3cfb54e8108429201084200ccfa45c46e606a0fbe58cf17827c815c6f7fc864bab7a55aa46169b47ef5513d05379f7c2e4af79688e878e62730b0ea3999ecba0c6b4f7eadff00842eaba446657945bce201e22604803ac25076e904b6779ae001903da05a0ceb07ba426d84ace8eccb9548bcd95508735d36d7a2d8e1b1a098581a3548111fdd4fc1ed520eef0f14f17461d469fda72748a0e1174a7901546ceda21ed0477a4ed0da01a255fbb8385eef2df45a54c50033d542c6ed42c6972c86336a3dceb18e30a2e3b6a6f10ddeb659c75948f21bf1f4eed63d8eed0557c9deb2a7afb55c60677bb8f416e11f350f175209683304dc1b78f05058ef3cce7e097b9d68608457089fbd2f924c4de3e1a4a6ebd4326fc62738be7e49aaad730eeb81b458db3123c428b56b5b9fd668487690a654391c8cdf3e7740789b5f8a8a6a5c49b1378e1adbe0bc06e632d09e1a7c13d15cb927d4ac0803548272bcca61ee480e2848c339531e7a6257aeaa905c3e69d2326492f03af9b120c1b89d402418ef052e99e1f5c3e298994ba46f09d18b2bb3ba7a2cc4ef610b7eebbde23fd2b66b9afa1dae776ab3903e07f35d295d0ec71b32f8d821084c540842100613d2cba28d1fe777f923e2b94360b8133ba0806338e5e05758f4b74ffe1a9bb85423c587e4b93075858589d0037e2561cff3b3d9f437fd32feec65efbe7d14af5e777bdb06f689b5ada8fc3e30d8ef6812240371c4704e3aa6662d361395f45551d9efc12df589222c4754f31f9b892493726f275f348c15291309da94efa7c12b16d59270fb41ec203099f1eb9273686d73b8673faf355c1fe2a1629c4da132423845cae877f4c39f1b93aa60d79129356a4898831901c3eb349740020cdba75175345d6909a8644ef0ce22f3119e511de986b92ead34d86a744498fbaa6e8b5d45ab2734a73925d546650915ce4a82bbdc58d05d2d6cee8e1bc64c77a8c1c9c7d49b1364dd33066d911700e6235d79e89d19a52a161ebdde4d869d3a98d04c4f2cc25bc89ca149cec93b6c53925b336fa8127c905d3e092532326491eca5d375d2015ed3374c8cb36757f43d53f6d5071a7f16aeaeb917a1ff00f9877fe33ef1f30baeab21d8e667f9c10842729042108032be92f0e5f817c7eeb83add0b7e2b894e9d57d03daba1bf83aedffb6e3f87daf82e0389a71223899ea163cebe23d4f41cbfcb71fa915e46f5b2eb3a09f395e1758fd7443018cb2333af44aaac24131611e797b8f82acf43192a2561f1663741b122fada723c2fe415be198216798dc88cef36cb2883aeaadb015889095a2a9fd05546696f767cd44acd8b70ef53aadc282ed42108a432e36496091c825d6000b4e9336bebaa8ad7b8c8126c7c0667b930fb82bbc4a61cf19de74ca39ca8f59e6521ce4c9112958e1b91260139dcc0e36496d48cb84776509232de919c46bd63826dc9915c99ebcc6a9cacddd300b4d8196991700e7c44c1e60a6279a253518f24e90eb50900a52939f398b63b5402912bd26ca4a252162a65a46a33453cd3413b4b3528cf919d73d0d51f6eb3f8300fc4eff6aea6b03e87b0d186a953ef3c37b9a3fdc56f95b0ec73b2bb9021084c56084210022ad30e6969c8820f4221703dab842c7bd8e3ed31c5a6733048f82efeb92fa46d9fb98a73a3d9a803bc6c7cc159f50b84ceb748cbb72b8fa986701c3afc50e0232bda3ce7e09d7b7eba2f00bc6be1e2b31e9e33e04d16039a921a04c2680baf43940db853ead936641b88d60f3120f825bdfafbade4a33dea50967b55573866a654728524ba44088378bded0d3f6ba26459bb8236202f2a1116e59e7cd2aa194d3ca712c4ca4bc08106f7911970bea96026dc54a2b9312425c41e87a8fcc2425c2631e692ec7a101092131ce9be451415e225054d9eca938717519a15aec5c19ab5a9d26e751ed68fea204f9a929933bff60307eab014045dcddf3fd64b87910b42914290635ac6d834068e80404b56a548e7b76ec108429201084200164fd22ecfdfc3fac8934f3fe576be21be256b1358bc38a8c753764e6969e84425946d51661c9ece6a5e87cf55a9f24c93f5aab7db182752a8ea6e17612d3dc7e88556ebc09cb2f7fcd6168f618b22946c1aef2d754873929f609aa8785bcd4176e3d6d402e44f7d947a8eba7e2632cbe79a8d6bf97e6990967b55f37cb90cbb941a86ea43931542644eea4477cca43b2e7e49e705e064cf9261375898898703a646e339b8cac39a8e53ee0239cf1d2fcbe3dc9829909924acf444739f2e5f5aa021e22c745e0528c7999ea1792bc5262977140af12495e85256c7581746f43db27d6633d711ecd06977f5ba5ad1e1bc7b973ea0d5dfbd1a6cbfd1b04d2e10fadfb4771008f607e18ef254aee66cd2a46c509b15128395a63148421000842100084210073ff497b1b2c4b458c36a468726bbe1dc1736aed1365f41e32836a31d4de25ae0411c8ae27da6d8eec355753376e6c7716e87af159b2c29d9dae9da9e363f050bb54d96fcd2ea04d02a93b2a47ad75947a89e1e499aa54a25bb13b820defc3c75f0f1511c54926ca2563253206d51e6bf47c8d97afc92024176898cfbe81e674f0f7a643653ae021340a645329360578bcdf5e12a4cf367a5c904af0b9781494d8e029c6269a9ea42480049360389415ca4697b1db3057aedde1fb36439fcc0c9bde6dd25767a7b49736d80c1429860fb46ef3c5df2192bda38d41cec93dccdbd2c7a9b47152b174318ad7098b529959aca75253aaab095a55931cac4c916842148020a125e8019acf59aed3ece6e269969b385d8ee079f22af312e5558872a65c931938bb471eda1847d27963c411f5e1cd57c2ea7b736632bb61d623ecb8663e6392e73b5f65d4a0ef6dbece8e1769efd0f22a9713bba5d6c722a970c84eb262a3bebf34bf589b795146e7910db9df9a8cfcfe790525c66ca25677e49910e7c092e4d1492f497393d19e53f038e29aa850f290e74a91259383c0610e2bc95e1528cd2902f5792954d85c60092a4472491e82af76361777db77dad397e69ac06cd8b9b9f72bac3e194d18b2e5ddc22761ea2b2c3bd42c3e1d59e1e828339330ee571832a061b0eae705875005c6cf5734f255d82a2ad181591245a1084c0092f4a414015f8862acaf4d5ed462875a82aa480cfd6a6a0622848208907306e0ad155c3289530a94839fed4ec9527c9a64d3772bb3f0e9dc42cc637b3989a7934541c5864fe1307c2575ca983516a60906886a7247c9c46bb9cd30e05a7838169f0298a95176aafb3438439a08e0448f355588ecb61dd9d06773434f88451a16bbd51c85c579bcba7d6ec4618ff00864747bc7c547776130ff75ff8dca49f7b8fd4e6e5c925cba50ec361fee38f57bfe053f4fb1f407f82d3d65def40af571f439687498173e254dc3ecaacfca99038bbd9f7dd752a3b09adb3581bd001ee5259b239292896a1bec738c2f665d9bdddcdf9957785d8e1a203616ce9ec8e4a552d93c9165329b97732747667253e86cde4b534b657253296cbe4814cdd0d9dc95961f67f257d4b677253296051405461b01c95b61b070a6d2c34292ca6994491ba34a13e02005ea70042108004210803c2121cc4e2100467d14cbb0ca7423752ed02b1d844cbb04ae37179ead46d028dd81e49b76cfe4aff00d5af3d528da0678ecee4bcfd5bc9687d5047a908da067bf567247eace4b43ea423d5046d02806cde49c6ecee4af3d52f7d5a9da053b3678e09f66047056418bddd46d021330813adc3852617a9a8064524b0c4b42280f005ea10a40108420010842001084200108420010842001084200108420010842001084200108420010842001084200108420010842001084200ffd9	20
20	\\xffd8ffe000104a46494600010100000100010000ffdb008400090607131312151313131615151718181b19181817181a181a1b181b1b181819181a1a1d2820181e251b1d1921312226292b2e2f2e1a223338332f37282d2e2b010a0a0a0e0d0e1b10101b2b261f252d2d2d2d2f2d2d2e2d2f2d2b2d2d2d2b2d2d2f2d2d2f2d2d2d2d2d2d2d2d2d2d2d2d2d2d2d2d2f2d2d2d2f2d2d2d2d2d2d2dffc000110800b7011303012200021101031101ffc4001c0000010501010100000000000000000000000304050607020108ffc4003e10000103020403050702050304030100000100021103210412314105516106227181a1133291b1c1d1f04252072372e1f16282921443a2c23383d215ffc4001a010002030101000000000000000000000000020103040506ffc40030110002020104000404050403000000000000010211030412213122324151051361a171b1d1e1f0628191f1142342ffda000c03010002110311003f00dc508420010842001050840157ed67694e184061b02492402748cba989304c74172a3fb3dc6712e39ea866576818db8fea24dd5b38ae0c55a4e6100c8d0f4bacff000a1d41d03ddbc74d2c792e37c43e6c25ba2ff03561d8e34d1a1e0f139c5ec797e14e55568710901cd371b7c948603b414dfdd759c35b2d9a3d4bc91a97644f4f3add15c13484c5dc5a88d5fe8efb20716a5fbbff00177d96d29f972f663e426438a52fdfe847d12ccc5b0e8f6fc5046d92f41742f015ea0504210800421080042108004210800421080042108004210800421080042108004210800421080042108004210803c2b38e2d890dab501d333be198b7ecaedc7b88fb1a448f78d9be2773d06ab35c40cf564e82c7ccc99bf8aa3362592933768f0eeb93e876dab948ca4c1d236e87a108a841326c7622d1e1d3a241b54030040d34f0d171ed9b706ed3b1bc6f63a426c58238fa3af1718aa44951c6d46ea439bfba08f88129fd1c635dacfe7a2aefb72cef6605b6fea1f73e29d61f14c73ace876fb47910b4aa29924cb11733949feafecbc35c7ed807aa8d689008719fce6bc7920a5656a0bd4966e2234739be69f51e23507ea0ee846be042ae53c5c6a6073fba5d95058de7984a2cf4f1916ec3f136ba27ba4f3d3e29e82a96cc5c7bd7f9fc3752180e2e1ae0c92674041db583cfa2573827b6f93065d3ede8b2a12742b0709052898ca08421000842e5ee001276401e55aa1a249801533b51db81878c801d7de93613b0f0f54c3b61c79e5c580c41b0e9ccf52b3ced2d7334dc4c82f00f892dd7d573a7a973c8a307c1a31635bbc46fdc32b39f4a9b9e0079634b80d0120131cc4a74a3381171a6d277653f3eedcfaa935b70cf7c148a66a9b4084215828210840021084002108400210840021084002f095ea85ed463fd9d22d1ef3c1f268f78fa81e682631dce9153e3fc5bdad5247b8d90d1d07ffa3f650941e6e44dcfc4fe4fc57956af744d8ba4f8002d3e8912f86ccc6ff5f9427da7671b508d238af8821ce1a45a0fd826543125ae827ba7e565c36a9871266fa73db54d2b543361f09f309d10e4d12afc5169194c8bc88f5ea57a3121f7698d88d2faebb28ec2d79eecdf63b78755eb8007349920c7c7d344ad1646764b61ab39b6131e3a27f431d9841d74df6e52aaf46a107bae27a7cf5164f5b58bbbed901b631a026635d254513be99626d4cda7adb7dd7785aae26c27a4899fce499709c3bf125a5ad208b39c343c8f2578c0f0a6d21ccee772b167ced5c61dfd97ee559750a1c2ec6183c19025f73cb97448e2cc49e57079425f8cf1014edd40d752741e2ab38aaf5310ec8065a51de90e075bc7336e5fdf9514e73493e7dca629be68b5f05e2b2d6d46e8e00c7d3c55ae8d50e008dd67d87ee800081603a468acbd9fc77e9275f9aefaeb92bd461b5b916042108300284e3fc44341a608d25fd072f34fb8af12650a6ea8f3600db73d02cd38b7172ea81a7532fa9e4272fc61be6551a89b8c382dc706fc427c5e98336ef4023770926731ded1d6f7955ba5c29f89860617663040d7a7878e812b8ee22e0ef686e61c758233586dd74321683d91c4870a0ec8d6932091a9b733a4ce8b9b834f3dea55c3fb1a3634b716ce0b41eca34db523306b418e800bf3364f97817abb115b55231377c82108520084210008421000842100084210008421000567bdabc567a8fe5391be0d9cc7ccc8f82be62eae5639dc813f6596e3eb1cc4ce84ff006dbc13451a74d1b7645e31f39a3611fe3d5258d74336bc0e812759ddd13b99d7f25778a12d81701bb9dceaac36d9174088746a0c6961d479fcfc935c7d48205a37eb79f0e9f0529c278357a8e3958e20ef30df89d6158a97f0f9cff7ea000ec05fe2aa966845762b9a5d9486444dff002c9ed2ab368bfaed6eab43c1f61b0ac899711b953584e0f8767bb4dbf054cb55ec88f9d1899451e1b55e4163493371103e307e4ad9c0fb18e71cd5bba3768dd5ee95368d001e012c0aa9cf249f74be9fa94e4d437c242185c2b69b4358d000e4b8c756c8d2e29d1509da707d988d244aa337861c144399725331958d6a85c6edd0796a538a354b5c0cf75db7e7926759e19af30d9f1124fc612f46b08ca4da7d4fcf65b30615089d28be289b3060f2bf9fd938c054820e9cfc750a330af306f7da06b7f484a54ae1825ce8178dcdb97f60af4ac1b5545faa63d8c607bdc1a0806e54063fb5434a42dfbdc0c7fb46eaa952b39e640cbfea7dddfed67de3c12630e5fef1735bb971ef3bc4ecde8d80a7699a1a68ae58a711e24ea9352a3896b48898bb869d000796feb54351ce73dc75710d1126def3be4df8a90e2ee2f392400348d2deab9a787688047ba24cd8e63006f6e4ab9c2d1b1457441f11638b2a5ae0b44f4040b7c15f782e2229340305a62796682d71dcdc055c661643c11ef367c27d7429ff00087c31a1fee380613c9c2729f316f2438d221af4345c171fd0556e576ffd8e8429aa3886bfdd20acf70f8bcbfcba9de0342796dd0a7ec7110e63bcf97d478285232cf4b17d705e10ab385e3cf6daa091cfec74f8c29dc1e39950774df96e98c73c5287639421082b0421080042108004210800421080233b4352283bac0faacc78a9898fdd1e807d3d1687daaae035ac177389868d4c0f97550785e0ad073d68275cbfa47dd2cb3460bea6cd3f11b2ab82ecfd6af11dd6cccbb9748d55af05d9ca34bbcfef91cfdd1e5f749f10ed1067769098d4c1ca157b88e2ea776a3de0871e7b7333af40b1cf50e7ea74b168b2e4ef8b2d18be374a99cad1702f1a0e43c7a2614bb50f7b8b5b4488009738da2f71f755a6b8372be5ae9be4249e77277b7c5766abbdeaae36f75b105c4dc0f0d3f2ea894e8dd1d0628ae55fe3fa167abda4a4208974dada4f24e386f1df6a4c8ca36277f0e6a88d2f2e25a077a2206877206b03a2712e6cb9a086b44133bef98e80c8d026b698d2d06271a5d9a753add52eda808544ecff001d05a0b898d3e96e7e4acede22c0d92405646671f51a296396d68950e4863f0e2a30b4de4264ce24d2601929e53ad3b224d495332cb0ca0ecccbb5d9a9344fefcaed77072ba769b0f13098f00a2eaa4cff00f18d4cd81906db13fd95bbb73c2db55841319e048d88399a7e36ff007150b48886d26775a2dfe7a9dcad9a596ec74fd0d09df23f6d52eb5310dddc77fba52961bf6dcde5eed47413a6bb2e5b0600f740d97388c4c59b6f25a0616cad69b9cce8324fc4a6988c539d397978f4d7f3551389ae5eec81c4817241173aeda270c70681de3d26f7eb214128e7fe94c09173af872f8c259ad0eb168898998d3aee92aafb174cec266cb9c2bed2208b788d7e28658ba1dd068036224e9ac13ba51945a33d277b8f133b836d36b182122c70999bf5b2e9b88370751a75fcba87ec2b3bc0e35cd3ec6b0199ba3b98d8b7a1e4a4454736edbb7a7d27e4a3aad1351a06e0f74fd0a6781c7b9aff0064e6f78e97f7a045b9392a812da65a5989904e9cd2945f96ec3948331f51c8a8da351ae1984911bec473e5b25da4d8e87e23c159452cb7f09e319e1952ced01d9de1c8f4530b3da55e7ba6ce1b4f9db756be09c4fda0c8e3df1ea3af5f9ebce11a3165c55ca25d084252804210800421080051fc5b888a4000335477badfa9e4d096e258c14985e6fa0037738e8d1f9d5575ce2c0eab50e6a8ed79746b7900aacb936afa9761c4e6c4ebd4145aeab50e7aa757785c00360392a563f8b5679798200b1bc5ed03d754edd8d7567bb33e64181fa72d89397f68169eabcaaef681cc1de78816d26d07c62de6b9f256eecf4da5c11c1e649bfc86f8aa0c6372879712648b40275224c83f284c2ad206a015013967482e6002c49def22f6e89fd60f0d2cc99777b881dd206d034d2e7eb668d3398120e6201d5a489048047584b4bf036e3babb1de37007fe9bdab4cbf30b4898061be677fec93a6735402bbe0340b4105c5c626473fb473252c3d66986384025e03b41723c6c7784c4f169aae19487b417171824e51adacd104fa22d39588949a6aefbe7d558ff10d7090dc8c99800890cbfbc6218008b0ea4eea3f1154bc8a4e8c92258c810d17ef926c4c6fcfc93ea0c7642f7c388ef668040711d7de7e917813d2f0f5f14490d320b8897004e5dedfb8ec26d2a67d58f8172fe83bc5e28528910664305dc3581cef3ba77c3710f3fcc7110dd1a6f2e881d001af9724cbd90a6d76524176e61cff00320d8883e663649ba898b039737760c9b6faf78dfd7c94a54876e32892b82c7b85673835c5d105d12072004ddc55fb86d52e683f9f1541a34cb2406169746ae98b44f49063e0ac5c1f8ab5b14fa90395be677f3531747375d8be646e0897e3f86cf49c06bb788b8f559fd5ac01cc3f55fcf7fcea568eeab2d599e2b57375873bd1c63ecb5e965e368e4413dad7b0faa62b28b113e5af828bc4634b5a5c5b2e7486ee47590907e233428ec5d62ead941b36dcb517bf8123aade4d927806c0bfbced763e09cbea12e8d87c4faa8da5563598eb7ff08a588b1264a925325711523289983adf4d8f824db55a08d7ef29852adde264c01b9d0ae9b5eff54a5b7c12871235f4f8742bd358e70ef23cedce3a7cd43baa5e41d7fc6abdff00a824920d80f5e696b915be0b1419903ad9dbf38f25c63708daedce241bfc6c7ec99f0ec75bdee53a7e04ff000f5831f798747849b79265c15b633c0621f7c87f98cf79bfb846b7de14f61b161ec96ebbf3950b8ea6595055658b75bea266e13a3534ad4ecd76a369de6fca549164bb8878e4e170425786e34c8330f67d134c3d50e870b0217989690e6bdb33a1eb7b28159a4e0f102a31af1b8f81dc25d56bb238e0e0e64dfde039680fd159556cc138ed740842140a08284863f1229d37d43a31ae77c04c20083c755f6b8823f451b0e45e7de3e42de6e556ed1638baa7b304e5e862fd4fd14e7086385205d779bb8f373aee3f192a978dc40159f2e933246c4198b6da2e7e496e767a0f86614e4dfb21c61eb615ad04b43cf7a092623fa759d93018a1ed03a930e51ab756daf633cf6ea82039f9a009d4738eb3ddfee9b62311de0413198406c0111bed13e3baa79f53b50c4adf7fdc7587c796b5f25f2e9043a32c1d6c2fd07d5367e18b632b62ac4cb6e5b27377ad688d0fd5738da0c74386699ddfaff488bf8db54e2594691717d56974e6cad90360090209f3d524aebe83f11a6bb7e9fe883c5714a86ab454a84434b5fb186c98236998fc0a5e954655a35087139a5b6046ba0937b729851d80c2e1eabf338ba4d9a5c4193bb9cd3371a01ba5f13529e186469cc0da22266331df978dd42f0f45934a6f6c5512188c3d4b819031ad1c80a53fb9c757449b7d537c6520ca01cf7b406c65cc2f07937f4cc133a9bf25d8c51a8d6821b4da346c49745cb88de75f5f0ee9f0df6aecf5aa07b84c02086b47f4effe14426dca8a3c9e6e39f621bffe6baa3880f2c681773a5ad1ca37f2d0c2906d72006b72bc31b0d74da743000b7add3a7d0632a1632a073b2dcb5ae0d68823bce98060c00235dd2545af8cd02d20022dff0018d4856b5c7289dea5cb38654a825ce9bcd8126e46d6b4f5f8277c3f10e63b2fb3bb8927bddd60f78b8f5e899e0ead4a95b2b9a4b018117248bd89b00a48501de68860d089ef6b742aaa4192bcacb870dc467a79b34cfd36541c61cb51fb779e7e0f3f457ce0607b2196c2f1d7aaa1f1332f279b9feae742d3a65e2fec79d9a4b249220ead7cae78b46be1ac7a1f451f81a9249dc93e3aaef8dbb29046ed8b7306fe84263c3aa589dff2174a2cccd9242a133cae96f696d7f39dff00344cb0f52018e82573ed8d9b3cedf5fce4a58e98f695504388b1b09f3b786df9a7952a80fcb9a60ea34e460848619bdc70df5fcf4490933d04a85d0ce5c9215aa9067ce47c52b4cc542d264df43239f9ff0074d2bb89206861be37fcf55cb5e43ec77b4a05b2470b52f06d362485258a710011b6827c8c794a89acefe6181793035f04eaad4245c6d006bca07a2616c9aaf5a581c26e2f6f2fee92c0620b5cda67dda8db720e6c1f29ba6bc22b97537b09bb74f91496318e2db40f66491e4502b64fd1765201d27e074f827d55d23f3c7551583ae1ec6bf98b8eb1fe3e29e31e62353f3fc0949b25781d6c95d8f160e307e25a6deab4259a536c11aebcfc63d6169692466cfda0421094a0141f6bea461f2fefa94dbe59b31f4054e280ed95a8b1dfb6b523f1397ff64b2f2b1f1f9d09d26f723a2a1f146369d72e1040e609933a48d1683404b4782aff0018e0ed6cd46813bcde7f3eab0b5c1d9f87e78c26d4bd4aa622b87d994e1dfb40ca234267795ce0a93dcc73b286348304c67765d60cc344c099d8a531542c6ddd243a048272e82674b24db89ad55e1b614da2c34000dc9d32cf5f5b2ae8ef7fe7c355f51b60aace69801d9449ef3b9c0074f14ad2c3b9d34aab9ce0661ba3409b39c05c784dba4a52b5002e0873a4c399eef40dea02ee83b23c39c24824c38cdc0313ca351af3849b13761776d115c43b3b9035ac03bda9eeb41eb7324750179c23b332f2d35730265c22dafe9d6200379e49dbf873ea54cf52a3609976671bc1163c84188ea9d63316ef6191b0d6b60bb27275dd78b013a744924df433949a8c62f9fcac85c7615edacf3de6d0150c3c4416b604cea44ec3927d88a0dc8325705c26c0fe99f79c625a2e2c9e3ea1631a65a7fabdc0d22d03f7288adc3b266c8f0e738c9b5a2d6316b1dc79284ea5543c26e549bfdc7942a4e560ee9d8c170e5600127cfa259b4f2c863899371705a35701c9c4efb4af70d870c00f75f94690395cde6ea4b1786ccc655a549a01ca49930e9b4dda3c53b95144e6b724fa1b3bf9b0290ca18208923ca06f737b264da19de4974832d2348e8d0378dc69aa541aad70166492e6822fadce60483b6da10a438770f71ac7335d9ac731323981a40b214911b9634ddfa70583871f658724cc35a753360a8389d5b7e73f3572ed562c328b6903777c605cfd079aa4626a4ae86961c391e7a73dd26fdd95fed13fb8d337cc403e227e8a3702fb1f24f3b40efe5b7fabe4d51b863e52208ea16d8f46697987d4df6378df49936b74defd1722a491f6e6936e8b9a67e6a464c7b4de25c24cc1802e0991b8e9267a755cdafcd217990946c831befa7e14225be47d4aa120971cc6d7d4db9a4df52e20e91e9b2470bee9f1f2466b1236235dfa2804c96ac4660418d23ebf74f03ac2d7d7f3ce534ac240226c2fcb6136d3925e8d519667a0f1e89900e384386770132e906fce7e56f82ee9dcc19d4eba5ffb7cd32c2d68aad3a5fe7d13cac087903677ca4e9f9a744211b1cf08790c8dc1f4b8fb2946d4877898f2fc8515817779d6b5ade247d539a6fef0d6c6dd49040f1d50c54cb1e07bc5839b81f20748f05a4acf3b334f355a23fd4e27fdad3fdbe2b435548a72bb6084212950288ed6610d5c2566b7decb99bfd4c39dbea14baf084129d3b2adc0b162a52638685a0fc4290751cc2154055380c5ba854b51792ea4ee5989ee9f3faab6e1eb822c5626b6ba66b926bc5121b8a702a795cf974ebadbe0ab3549753753195ad3a9c864f896cab5768f88fb36817bf2e9b2acd0e20d7073453100097174778930274f85d5539c53a3b5a2795e3dd2e79e08bacc342901989637dd0c6ddc49e4458dcdfc7551b55952a90f0d2d6e60d0dd04da24fac7829a79a8ea8d34c99634c926c09d81d498e6bcc252687135867f7af2444c9b75d06aaa54fcbd1d58e57156fbfbff00838c1f0d752ab4d8eca6a54f121a22d20e9a3ac37dee9e62b0ad7537b4d50da425ae768d2776b0729d4f31f18d18c7b8125a595053b38dc4026f3acc27b4f0c2850a74dd54ba61d9086baefef389246d7f82950577453954934dbe7f9cfe846bb18c68635e0d4a626458c836db5b41f25d39c486bda2c4b836d009ca3bbd069ff12bca95984869004eb1681a7780e7d365d60a938d46b09fe5b24dec05a011bcdc5ba286d4517ba4acee9e2228be9b817b8800f8feaf0b7d10ce38f9f65ab436c0c1f7769b696f44d6ad1f6154d26b1f55ce39a44001a4ebc8117e5b2f6ad06d4166e84d8fe98372634bea251cb564a8637cb5c3e4edbc4a9d7734b5ae73c58cdda393af3b2bb707c29635d56a3a5ced493303e4a33b35c0e9b3f99958245c37ea49515daeed20a934289ee4c3dc37ff004b636e69b1e273959c9d7ea60ffebc7d0cf8ef11f6b51cf9eee8df01fdeea21ee05a79a4ea3c9b7978782f2a3a26175947645451cb4eed907c70775839e63f203eaa3b0937f029f71221d563668cbe927d4a6ac616956233b76c568fc10cd7cbcd7acf0b73f9c754385c4f2524a672cd349f2b7e4a5a88e475d44472f45c931d7a2e5d3371cc1f0413ea2f446a3adb4b93b75fee95737ba634f9a4a93a3f23fc14a926235d128c3f153f96de6667731f45d52abf71cbaf9a6d55e7a4edfe12d4986d716d6fc9490fdc5b31cc2d37f9dbf3c13a04b9c6ff00ab5faa664f7846dd2f03c774be7fbfa7aea9915b24b863cb8d43179007400884b39e4b9a049b803a5c9f2ba69c2dc609e731b75fb297ecf70e755a8c6b40991f1d5ce36d00bf894322e8bf762f0195a6a1ea1be665df26fc0ab4247098714d8d637468012ca966793b760842141008421004276b3810c5d02cb6717613a4eed3d0fd8ecb39e1fc76a619c69d60ecad3179ccdda3998eb78dcad8556fb57d956629b99b0caa3476ce8d9ff7dbae89278d4d533461cdb787d14ced4768e9163435ed2eb4106fdeb088bebbaade1f1c18031b2c2067703de24c38eaed6c05be5751dc430270f5dd4ebb32b49008cbeec99040dc13691e2149f03148d58aef1901716b7f4ba6c60ec22011d02e6e7d26d8df2d9ded1eaa1186d7d2fb9c52617d4619717be6e1ce6c0113a7590adecc1fb56b433475cf39312a5b0bc2f0ddd70a6d116044e9cbc2ca6b0d458d1dd6803a084b831af5646abe249d6c4f8f72a1c5383b80041d011044ea3e7b782af56a2f2d6ba4886b409b99361a9e42fd0ad46ad20641dd30c4f0ba6e9eeebaad12c7ec269fe25b5548ccb194a9d17b7335ec81df713725c26d09d70fe3946954ce3bec03702418136d479ab3f15ecbe61148304d8e6136f44617b1b41a06701e46b22078472e9d16758e4b83a0f5da6963f1b6ff009fcf52b95711ed9ef7e1def2f7000c06b86e46fddd4ee9f60784d76b417901ad064d4320ee4b9a606b752fc578ce1702c80d683ab58c0331f00341d4d967fc73b455f147be72529b53075e598efe1a7456c34f2c9d3e0c397e234aa11a5f5e5925c73b4e5ed34681219a39e04679d72f21f3f0d6b944f2fcf14d8bcb881e8341b27d4991201f1f0e4ba78f1471aa472a5373762d4b9a28e15f55cda74da5ee71b344493b0e43ed7469f9a2d17f85bc0bdec5bc736d29f83dff00fa8ff72691139ed898e57a0731ced2d78273070208235b1d08e457a69cf8da7cb94afa07b57d89c3e37bce1eceb45aab75b699c68f1ebd42ca78f7f0ff001b8698a7ede9feea52e23c59ef03e13e2a54914466995134cf3b72439b7d2e39ff0074a97c589d359b107af55ce61a5938e98899bdb4fcb2ec3dd71cee7a9fcf9aec37fc4c85e9773b2563a3829c32f97a6bd6ff0065cb008d27e4365dd112ee9cbee827d4eaa5dda5fe89dd2324684c6f61f3d3aa621c2e94a75b6fc3e0844363b35003a02e3d76d4fa2f41351c1a07bc5219ee046deaad5d9bec8e22b5dacca1dabdd218d6ee1a7f513d11656da12c251cc5b4e9b493616bc9dcdbc469d02d5bb2dc0861d92e1df23c606b13ce75fecbdece765e961448efd43abc8bff00b47e91f92a7524a565329d821084a202108400210840021084010bda6ece52c6530d7887b6ec781769fab4ee3eab17ed2707af84ac1950659d1fab1e06e0f3169df9ea17d0499716e174b134cd2acc0e61f883cda763d505b8f2b8330be1fda2ad8720662e6cc0cc491e126e08d15cf8776e6891fcc3ecff00aae3c88faa81ed4760ebe1b33980d7a1cc097b47fada358fdcdf30152aa348de5a74de3cd56f041f3d1bb7a9abecda69f6ab0c7fef33fe41275bb5d851ff007a9ffc87d162446d3f4ff0b93a687eea3fe37f5157857a1abe3fb7f45a3b81f53fa5a40f8ba02abf17edcd7a808a7fca1b91de7c78e8df82a9fb29e42f7d9283283b94d1d3c177c839bf4429ede5c4c1738eae7125c7adfc9044ea63e6b8156f61094a627992afe84efb14a2e8f7447ccfd93aa1781f861214da37fcfa2b2f66bb375b14e860cac1ef543a01cbc7a6be1aa1b1ad25c9d765b803b175c304e46dea3b603f68ea74ff000b6cc3506d36358c01ad680001a002c026bc1784d3c35214a9080353bb8ee4a7e91bb32ce7b982108502115c67b3985c57ff003d0a750fee221e3c1e21c3c8aa7f10fe1060dd7a556b51e999af6ffe4337fe4b45429b64a9346395ff008375c1fe5e329b8727d2737d43cfc947d5fe13f101a3b0ceff00ec783f034e3d56e6846e637cc918437f85bc4a3fec8e9ed207a352d43f851c43f53b0e2759a8f27d29dfe2b71422d8df36463587fe10e27f56228b7c03dd1e12029ac07f08e98335b12f7f463033e65cb4b422d8af249901c2bb1b82a105941a5c3473fbe646e26c0f800a7e10850258210840021084002108400210840021084002108401e1558ed17617098a25e5becaa1d5f4e049ff005b7dd7f8913d5084129b5ca333ed0ff0d7174039f4cb2b53179072380ead71f912a92d275fad9084c8d18e6e4b93d73c9295c9d3c57884c3d9eb43ae4340ebaf9a9fe03d92c5e2ef4c0cb377666803c7f57c014214362cdd2b346ecf7f0ce8d287621fed5dfb4486fc753e50af586c3b29b4318d0d68d034000790421219dc9bec550842050421080042108004210800421080042108004210800421080042108004210803ffd9	21
\.


--
-- Data for Name: category; Type: TABLE DATA; Schema: public; Owner: postgres
--

COPY public.category (id, name) FROM stdin;
10	Eats
11	Cars
9	Drinks new2
20	Fruits
\.


--
-- Data for Name: order_items; Type: TABLE DATA; Schema: public; Owner: postgres
--

COPY public.order_items (id, price, quantity, order_id, product_id) FROM stdin;
13	5000	1	30	7
14	5000	5	31	7
15	10000	1	32	6
\.


--
-- Data for Name: orders; Type: TABLE DATA; Schema: public; Owner: postgres
--

COPY public.orders (id, date_time) FROM stdin;
30	2025-01-29 21:52:22.870966
31	2025-01-29 22:04:33.153957
32	2025-01-29 22:05:21.397521
\.


--
-- Data for Name: product; Type: TABLE DATA; Schema: public; Owner: postgres
--

COPY public.product (id, name, price, attachment_id, category_id) FROM stdin;
7	Anor	5000	9	10
8	Uzum	7000	10	10
9	BMW	110000	11	11
6	Coca colajon	10000	8	9
\.


--
-- Name: attachment_content_id_seq; Type: SEQUENCE SET; Schema: public; Owner: postgres
--

SELECT pg_catalog.setval('public.attachment_content_id_seq', 20, true);


--
-- Name: attachment_id_seq; Type: SEQUENCE SET; Schema: public; Owner: postgres
--

SELECT pg_catalog.setval('public.attachment_id_seq', 21, true);


--
-- Name: category_id_seq; Type: SEQUENCE SET; Schema: public; Owner: postgres
--

SELECT pg_catalog.setval('public.category_id_seq', 20, true);


--
-- Name: order_items_id_seq; Type: SEQUENCE SET; Schema: public; Owner: postgres
--

SELECT pg_catalog.setval('public.order_items_id_seq', 15, true);


--
-- Name: orders_id_seq; Type: SEQUENCE SET; Schema: public; Owner: postgres
--

SELECT pg_catalog.setval('public.orders_id_seq', 32, true);


--
-- Name: product_id_seq; Type: SEQUENCE SET; Schema: public; Owner: postgres
--

SELECT pg_catalog.setval('public.product_id_seq', 16, true);


--
-- Name: attachment_content attachment_content_pkey; Type: CONSTRAINT; Schema: public; Owner: postgres
--

ALTER TABLE ONLY public.attachment_content
    ADD CONSTRAINT attachment_content_pkey PRIMARY KEY (id);


--
-- Name: attachment attachment_pkey; Type: CONSTRAINT; Schema: public; Owner: postgres
--

ALTER TABLE ONLY public.attachment
    ADD CONSTRAINT attachment_pkey PRIMARY KEY (id);


--
-- Name: category category_pkey; Type: CONSTRAINT; Schema: public; Owner: postgres
--

ALTER TABLE ONLY public.category
    ADD CONSTRAINT category_pkey PRIMARY KEY (id);


--
-- Name: order_items order_items_pkey; Type: CONSTRAINT; Schema: public; Owner: postgres
--

ALTER TABLE ONLY public.order_items
    ADD CONSTRAINT order_items_pkey PRIMARY KEY (id);


--
-- Name: orders orders_pkey; Type: CONSTRAINT; Schema: public; Owner: postgres
--

ALTER TABLE ONLY public.orders
    ADD CONSTRAINT orders_pkey PRIMARY KEY (id);


--
-- Name: product product_pkey; Type: CONSTRAINT; Schema: public; Owner: postgres
--

ALTER TABLE ONLY public.product
    ADD CONSTRAINT product_pkey PRIMARY KEY (id);


--
-- Name: category uk46ccwnsi9409t36lurvtyljak; Type: CONSTRAINT; Schema: public; Owner: postgres
--

ALTER TABLE ONLY public.category
    ADD CONSTRAINT uk46ccwnsi9409t36lurvtyljak UNIQUE (name);


--
-- Name: product ukjmivyxk9rmgysrmsqw15lqr5b; Type: CONSTRAINT; Schema: public; Owner: postgres
--

ALTER TABLE ONLY public.product
    ADD CONSTRAINT ukjmivyxk9rmgysrmsqw15lqr5b UNIQUE (name);


--
-- Name: attachment ukputp5onyy644k4jqhu00q2y0q; Type: CONSTRAINT; Schema: public; Owner: postgres
--

ALTER TABLE ONLY public.attachment
    ADD CONSTRAINT ukputp5onyy644k4jqhu00q2y0q UNIQUE (file_name);


--
-- Name: product fk1mtsbur82frn64de7balymq9s; Type: FK CONSTRAINT; Schema: public; Owner: postgres
--

ALTER TABLE ONLY public.product
    ADD CONSTRAINT fk1mtsbur82frn64de7balymq9s FOREIGN KEY (category_id) REFERENCES public.category(id);


--
-- Name: product fka4ev5q3ittjs5m74d0va0dkch; Type: FK CONSTRAINT; Schema: public; Owner: postgres
--

ALTER TABLE ONLY public.product
    ADD CONSTRAINT fka4ev5q3ittjs5m74d0va0dkch FOREIGN KEY (attachment_id) REFERENCES public.attachment(id);


--
-- Name: order_items fkbioxgbv59vetrxe0ejfubep1w; Type: FK CONSTRAINT; Schema: public; Owner: postgres
--

ALTER TABLE ONLY public.order_items
    ADD CONSTRAINT fkbioxgbv59vetrxe0ejfubep1w FOREIGN KEY (order_id) REFERENCES public.orders(id);


--
-- Name: attachment_content fkilbqgm3pe4vwkgmsribioa5wy; Type: FK CONSTRAINT; Schema: public; Owner: postgres
--

ALTER TABLE ONLY public.attachment_content
    ADD CONSTRAINT fkilbqgm3pe4vwkgmsribioa5wy FOREIGN KEY (attachment_id) REFERENCES public.attachment(id);


--
-- Name: order_items fklf6f9q956mt144wiv6p1yko16; Type: FK CONSTRAINT; Schema: public; Owner: postgres
--

ALTER TABLE ONLY public.order_items
    ADD CONSTRAINT fklf6f9q956mt144wiv6p1yko16 FOREIGN KEY (product_id) REFERENCES public.product(id);


--
-- PostgreSQL database dump complete
--

